date,temperature_2m_max,temperature_2m_min,precipitation_sum
2015-01-01,-3.1,-14.4,0.0
2015-01-02,1.0,-16.3,0.0
2015-01-03,9.0,-8.1,0.0
2015-01-04,9.5,0.2,1.7
2015-01-05,3.7,-2.1,0.6
2015-01-06,2.1,-5.0,2.4
2015-01-07,0.6,-8.1,0.0
2015-01-08,1.3,-12.1,0.0
2015-01-09,6.4,-9.0,0.0
2015-01-10,11.4,-0.5,0.0
2015-01-11,15.2,0.7,0.0
2015-01-12,7.3,0.7,6.7
2015-01-13,10.7,-4.4,0.0
2015-01-14,9.9,-3.3,0.0
2015-01-15,12.9,-3.9,0.0
2015-01-16,10.1,-1.0,0.0
2015-01-17,10.2,-1.1,0.0
2015-01-18,8.6,2.6,0.4
2015-01-19,11.5,5.8,0.0
2015-01-20,11.5,7.3,0.5
2015-01-21,12.8,7.7,0.1
2015-01-22,13.9,6.1,0.7
2015-01-23,11.5,7.8,18.3
2015-01-24,9.9,6.4,2.3
2015-01-25,7.3,4.5,7.6
2015-01-26,5.9,3.1,2.3
2015-01-27,7.1,3.4,0.4
2015-01-28,6.4,4.2,0.0
2015-01-29,9.4,2.3,0.0
2015-01-30,11.5,5.0,6.3
2015-01-31,11.4,4.5,9.6
2015-02-01,11.8,3.2,11.2
2015-02-02,10.3,3.4,0.0
2015-02-03,10.1,2.6,0.7
2015-02-04,9.1,1.8,2.6
2015-02-05,13.3,6.2,0.0
2015-02-06,12.9,5.3,22.5
2015-02-07,7.3,3.1,0.3
2015-02-08,6.1,1.8,1.4
2015-02-09,1.9,-0.8,0.3
2015-02-10,3.7,-2.0,0.0
2015-02-11,4.9,0.2,0.0
2015-02-12,7.0,-3.8,0.0
2015-02-13,12.1,-4.1,0.0
2015-02-14,12.1,-2.5,0.0
2015-02-15,11.6,-1.1,0.0
2015-02-16,11.8,0.0,0.0
2015-02-17,7.6,-2.2,0.0
2015-02-18,6.6,-5.2,0.0
2015-02-19,9.6,-5.0,0.0
2015-02-20,14.8,-1.2,0.0
2015-02-21,14.6,0.1,0.0
2015-02-22,9.5,4.9,7.3
2015-02-23,12.8,7.1,0.2
2015-02-24,15.6,7.9,0.0
2015-02-25,12.8,7.8,4.3
2015-02-26,13.6,4.2,0.3
2015-02-27,12.8,8.1,3.3
2015-02-28,14.7,6.4,0.0
2015-03-01,15.1,7.2,3.1
2015-03-02,17.3,5.2,0.9
2015-03-03,13.9,7.4,1.7
2015-03-04,14.3,0.5,0.0
2015-03-05,8.2,5.4,19.8
2015-03-06,6.0,2.6,18.4
2015-03-07,6.2,3.5,15.8
2015-03-08,6.2,2.8,7.0
2015-03-09,9.2,2.4,0.0
2015-03-10,8.0,4.8,0.5
2015-03-11,9.2,3.7,4.0
2015-03-12,10.1,2.9,0.9
2015-03-13,10.7,3.2,0.0
2015-03-14,12.2,2.8,0.0
2015-03-15,14.5,1.5,0.0
2015-03-16,14.8,3.7,0.0
2015-03-17,14.6,6.5,0.0
2015-03-18,12.3,4.5,3.3
2015-03-19,9.5,2.6,5.1
2015-03-20,9.8,-0.0,0.2
2015-03-21,16.5,-2.0,0.0
2015-03-22,14.0,1.1,2.3
2015-03-23,13.3,5.6,0.0
2015-03-24,13.4,7.9,0.0
2015-03-25,11.3,8.5,4.3
2015-03-26,14.7,8.7,0.5
2015-03-27,13.2,11.2,16.5
2015-03-28,11.9,7.8,12.3
2015-03-29,13.6,8.1,0.0
2015-03-30,16.1,3.9,2.8
2015-03-31,19.8,9.0,0.2
2015-04-01,12.5,7.2,0.8
2015-04-02,15.7,2.1,0.0
2015-04-03,10.4,3.9,1.1
2015-04-04,12.5,-0.6,0.0
2015-04-05,9.5,6.2,7.6
2015-04-06,8.2,5.7,7.2
2015-04-07,9.1,4.5,3.9
2015-04-08,10.6,4.9,0.0
2015-04-09,13.5,6.9,0.2
2015-04-10,19.6,2.9,0.0
2015-04-11,23.2,2.0,0.0
2015-04-12,22.9,4.4,0.0
2015-04-13,23.0,6.8,0.0
2015-04-14,19.3,7.1,0.0
2015-04-15,21.9,6.9,0.0
2015-04-16,26.0,6.6,0.0
2015-04-17,26.9,8.3,0.0
2015-04-18,24.5,10.6,0.4
2015-04-19,13.8,7.3,0.1
2015-04-20,19.6,3.0,0.0
2015-04-21,18.9,8.5,0.0
2015-04-22,21.1,5.1,1.5
2015-04-23,22.9,3.7,0.0
2015-04-24,22.5,10.1,0.0
2015-04-25,23.6,11.5,1.3
2015-04-26,25.9,11.8,0.0
2015-04-27,26.1,11.7,0.0
2015-04-28,22.7,14.1,3.8
2015-04-29,19.4,11.1,7.0
2015-04-30,22.5,6.2,0.4
2015-05-01,26.8,9.8,0.0
2015-05-02,19.9,11.9,1.8
2015-05-03,27.4,9.7,0.0
2015-05-04,30.0,13.5,0.0
2015-05-05,34.0,18.9,0.0
2015-05-06,37.9,16.6,0.0
2015-05-07,27.7,18.6,1.6
2015-05-08,29.0,14.2,0.0
2015-05-09,25.9,15.7,0.7
2015-05-10,25.2,12.9,0.3
2015-05-11,20.1,14.7,0.2
2015-05-12,25.8,13.6,0.0
2015-05-13,29.8,9.1,0.0
2015-05-14,31.3,12.1,0.0
2015-05-15,31.7,13.6,0.0
2015-05-16,31.7,20.3,0.2
2015-05-17,31.8,17.0,3.1
2015-05-18,31.1,16.8,0.0
2015-05-19,29.9,18.9,0.0
2015-05-20,32.1,14.5,0.2
2015-05-21,32.0,15.1,0.4
2015-05-22,27.3,16.6,0.2
2015-05-23,30.3,18.1,0.5
2015-05-24,25.5,14.3,10.2
2015-05-25,23.5,13.8,1.7
2015-05-26,24.6,10.8,0.0
2015-05-27,22.6,13.9,0.6
2015-05-28,17.3,13.7,0.0
2015-05-29,22.0,10.4,0.0
2015-05-30,29.1,6.4,0.0
2015-05-31,30.4,10.5,0.0
2015-06-01,30.5,13.4,0.3
2015-06-02,31.5,14.2,0.0
2015-06-03,32.0,13.5,0.0
2015-06-04,31.9,15.5,0.4
2015-06-05,30.2,18.9,0.8
2015-06-06,31.9,16.5,0.0
2015-06-07,30.9,15.8,0.0
2015-06-08,28.8,17.4,0.0
2015-06-09,31.0,14.8,0.0
2015-06-10,30.1,16.9,1.3
2015-06-11,31.4,17.4,0.1
2015-06-12,34.2,17.0,0.0
2015-06-13,34.5,19.9,0.0
2015-06-14,35.9,19.3,1.4
2015-06-15,36.1,18.2,0.0
2015-06-16,32.6,20.8,0.0
2015-06-17,26.8,18.7,6.8
2015-06-18,18.6,16.4,3.4
2015-06-19,28.6,15.0,0.0
2015-06-20,25.4,16.5,0.7
2015-06-21,22.1,14.3,6.5
2015-06-22,26.1,11.6,0.0
2015-06-23,31.8,10.5,0.0
2015-06-24,30.7,14.6,0.7
2015-06-25,25.2,16.0,0.0
2015-06-26,22.7,12.9,1.5
2015-06-27,26.7,16.0,0.6
2015-06-28,26.2,14.9,0.0
2015-06-29,27.2,18.3,0.0
2015-06-30,24.5,18.0,2.5
2015-07-01,28.2,16.0,0.2
2015-07-02,32.0,14.9,0.0
2015-07-03,32.9,16.8,0.0
2015-07-04,31.3,16.6,0.0
2015-07-05,34.2,16.7,0.0
2015-07-06,36.5,16.6,0.0
2015-07-07,37.8,18.1,0.0
2015-07-08,38.9,20.4,0.0
2015-07-09,33.7,24.0,0.4
2015-07-10,28.2,20.1,0.0
2015-07-11,31.3,14.7,0.0
2015-07-12,34.4,13.5,0.0
2015-07-13,36.5,17.3,0.0
2015-07-14,31.9,21.3,0.0
2015-07-15,34.6,17.0,0.0
2015-07-16,36.7,18.1,0.0
2015-07-17,38.8,17.6,0.0
2015-07-18,39.3,22.3,0.0
2015-07-19,39.8,23.6,0.9
2015-07-20,39.7,22.6,0.1
2015-07-21,38.8,24.1,0.0
2015-07-22,39.3,21.3,0.0
2015-07-23,38.3,25.2,0.1
2015-07-24,38.3,22.1,0.0
2015-07-25,36.7,22.3,0.0
2015-07-26,36.0,20.6,0.5
2015-07-27,38.4,19.5,0.0
2015-07-28,36.5,21.0,0.0
2015-07-29,41.4,20.7,0.0
2015-07-30,41.0,23.7,0.0
2015-07-31,35.2,24.4,0.2
2015-08-01,36.3,19.2,0.0
2015-08-02,37.5,24.2,3.3
2015-08-03,35.2,24.1,2.0
2015-08-04,33.4,19.8,0.4
2015-08-05,36.5,20.3,0.4
2015-08-06,34.5,21.4,1.9
2015-08-07,36.0,21.5,0.0
2015-08-08,35.2,20.1,0.0
2015-08-09,35.4,18.1,0.0
2015-08-10,35.1,18.1,0.0
2015-08-11,35.3,18.5,0.0
2015-08-12,37.2,18.2,0.0
2015-08-13,37.5,20.1,0.1
2015-08-14,37.2,19.1,0.0
2015-08-15,36.6,22.1,0.1
2015-08-16,36.4,20.9,1.4
2015-08-17,31.5,21.5,0.3
2015-08-18,33.4,17.1,0.0
2015-08-19,34.4,16.6,0.0
2015-08-20,30.3,20.8,0.2
2015-08-21,28.8,17.3,0.4
2015-08-22,23.6,17.5,9.8
2015-08-23,29.1,14.5,0.0
2015-08-24,32.6,15.0,0.0
2015-08-25,33.3,19.1,0.0
2015-08-26,34.1,22.5,0.0
2015-08-27,35.6,19.0,0.0
2015-08-28,37.0,20.9,0.0
2015-08-29,37.1,18.2,0.0
2015-08-30,36.5,20.0,0.0
2015-08-31,36.9,21.4,0.0
2015-09-01,38.2,21.8,0.0
2015-09-02,37.6,21.4,0.0
2015-09-03,36.8,18.7,0.0
2015-09-04,38.4,18.8,0.0
2015-09-05,37.4,19.1,2.0
2015-09-06,33.2,19.3,0.0
2015-09-07,26.1,17.0,0.0
2015-09-08,24.3,14.6,0.0
2015-09-09,22.3,13.2,8.1
2015-09-10,20.3,16.1,40.4
2015-09-11,23.7,18.0,10.2
2015-09-12,25.9,15.7,0.0
2015-09-13,28.2,11.8,0.0
2015-09-14,30.3,16.2,0.0
2015-09-15,31.7,17.8,0.0
2015-09-16,33.7,19.8,0.0
2015-09-17,36.7,20.5,0.0
2015-09-18,37.8,19.9,0.0
2015-09-19,36.8,18.5,0.0
2015-09-20,31.1,20.1,5.3
2015-09-21,19.0,17.2,7.2
2015-09-22,23.5,16.6,0.0
2015-09-23,28.4,15.0,1.0
2015-09-24,28.0,18.5,2.4
2015-09-25,20.6,16.2,19.3
2015-09-26,21.4,13.9,3.0
2015-09-27,19.1,15.2,4.3
2015-09-28,17.1,14.2,0.0
2015-09-29,16.6,13.2,0.4
2015-09-30,18.2,12.9,0.0
2015-10-01,20.9,11.6,0.0
2015-10-02,21.6,9.7,0.0
2015-10-03,24.1,10.8,0.0
2015-10-04,26.1,14.8,0.0
2015-10-05,24.9,13.7,0.0
2015-10-06,24.6,13.5,0.0
2015-10-07,18.7,14.8,9.5
2015-10-08,18.1,15.9,18.8
2015-10-09,20.5,15.4,8.3
2015-10-10,16.3,14.8,22.9
2015-10-11,21.6,15.1,13.5
2015-10-12,18.1,12.6,3.5
2015-10-13,19.8,10.2,0.0
2015-10-14,20.7,11.2,0.2
2015-10-15,19.9,13.0,0.3
2015-10-16,17.8,14.1,2.0
2015-10-17,19.5,15.0,0.0
2015-10-18,21.5,14.2,0.0
2015-10-19,22.7,14.4,0.0
2015-10-20,20.9,11.3,12.3
2015-10-21,13.2,9.5,0.5
2015-10-22,9.8,7.7,12.1
2015-10-23,12.2,8.9,3.6
2015-10-24,14.7,5.7,0.0
2015-10-25,17.6,3.1,0.0
2015-10-26,18.7,2.2,0.0
2015-10-27,18.7,3.8,0.0
2015-10-28,17.4,4.6,0.0
2015-10-29,16.3,7.5,0.0
2015-10-30,16.4,3.7,0.0
2015-10-31,16.3,5.9,0.0
2015-11-01,15.1,3.7,0.0
2015-11-02,16.4,-0.8,0.0
2015-11-03,18.4,0.1,0.0
2015-11-04,18.0,-0.5,0.0
2015-11-05,19.0,1.2,0.0
2015-11-06,18.1,0.0,0.0
2015-11-07,16.9,0.2,0.0
2015-11-08,19.5,1.7,0.0
2015-11-09,23.6,6.3,0.0
2015-11-10,22.0,9.4,0.0
2015-11-11,24.3,8.6,0.0
2015-11-12,23.0,8.1,0.0
2015-11-13,21.4,7.3,0.0
2015-11-14,21.1,6.5,0.0
2015-11-15,16.7,5.8,0.0
2015-11-16,20.9,3.8,0.0
2015-11-17,20.3,5.3,0.0
2015-11-18,20.0,5.3,0.0
2015-11-19,20.1,3.7,0.0
2015-11-20,19.6,3.6,0.0
2015-11-21,16.8,8.8,0.0
2015-11-22,16.8,11.1,20.8
2015-11-23,15.6,6.0,0.5
2015-11-24,11.6,8.3,2.9
2015-11-25,11.2,7.5,9.8
2015-11-26,9.7,6.6,1.6
2015-11-27,6.3,4.5,16.7
2015-11-28,9.1,3.9,0.0
2015-11-29,10.2,2.1,0.0
2015-11-30,12.6,0.6,0.0
2015-12-01,13.7,2.1,0.0
2015-12-02,14.4,3.5,0.0
2015-12-03,16.2,4.1,0.0
2015-12-04,13.7,3.9,0.0
2015-12-05,11.2,3.6,0.0
2015-12-06,10.1,1.1,0.0
2015-12-07,12.2,0.4,0.0
2015-12-08,7.7,0.1,0.0
2015-12-09,8.3,0.3,0.0
2015-12-10,5.5,1.2,0.0
2015-12-11,6.2,3.7,0.0
2015-12-12,10.2,-0.6,0.0
2015-12-13,11.4,-2.3,0.0
2015-12-14,11.7,-1.6,0.0
2015-12-15,10.0,-2.1,0.0
2015-12-16,7.1,-2.0,0.0
2015-12-17,7.5,0.3,0.0
2015-12-18,7.5,-2.1,0.0
2015-12-19,10.8,0.2,0.0
2015-12-20,10.8,0.7,0.0
2015-12-21,10.4,0.2,0.0
2015-12-22,13.1,-0.7,0.0
2015-12-23,13.1,-0.5,0.0
2015-12-24,13.6,2.3,0.0
2015-12-25,12.4,-0.5,0.0
2015-12-26,12.0,-0.2,0.0
2015-12-27,12.6,-0.3,0.0
2015-12-28,13.2,0.2,0.0
2015-12-29,12.1,-0.5,0.0
2015-12-30,6.3,-0.9,0.0
2015-12-31,2.1,-4.7,0.0
2016-01-01,1.9,-7.9,0.0
2016-01-02,6.0,-2.5,0.0
2016-01-03,3.2,1.3,5.7
2016-01-04,3.4,-0.4,5.0
2016-01-05,8.1,2.4,4.4
2016-01-06,9.9,6.1,22.9
2016-01-07,10.1,3.8,1.7
2016-01-08,12.3,1.0,0.0
2016-01-09,13.0,4.0,0.0
2016-01-10,13.5,7.9,0.0
2016-01-11,13.4,4.9,0.0
2016-01-12,14.9,6.0,0.5
2016-01-13,10.7,2.0,0.0
2016-01-14,10.9,0.5,0.0
2016-01-15,11.6,5.0,2.3
2016-01-16,8.5,1.1,21.2
2016-01-17,2.1,-1.5,3.7
2016-01-18,-0.5,-3.4,0.0
2016-01-19,1.0,-12.0,0.0
2016-01-20,1.2,-10.9,0.0
2016-01-21,4.6,-9.7,0.0
2016-01-22,1.9,-5.2,0.0
2016-01-23,1.6,-12.9,0.0
2016-01-24,2.1,-11.7,0.0
2016-01-25,7.3,-1.1,0.0
2016-01-26,9.7,-2.2,0.2
2016-01-27,13.5,3.4,0.0
2016-01-28,15.5,1.4,0.0
2016-01-29,14.9,3.1,0.0
2016-01-30,15.3,2.7,0.0
2016-01-31,14.0,3.8,0.0
2016-02-01,19.2,5.2,0.0
2016-02-02,19.5,4.2,0.0
2016-02-03,20.3,3.9,0.0
2016-02-04,12.1,4.5,3.6
2016-02-05,6.7,3.6,0.0
2016-02-06,11.1,0.6,0.0
2016-02-07,11.6,-1.5,0.0
2016-02-08,12.3,1.7,0.0
2016-02-09,14.4,4.7,0.0
2016-02-10,14.0,6.2,4.2
2016-02-11,10.9,3.0,5.9
2016-02-12,11.9,2.8,2.3
2016-02-13,12.8,5.9,7.1
2016-02-14,17.8,5.6,0.0
2016-02-15,23.3,12.0,0.0
2016-02-16,21.3,13.1,0.0
2016-02-17,20.1,12.2,0.0
2016-02-18,15.4,11.6,1.0
2016-02-19,18.4,9.4,2.6
2016-02-20,10.9,5.4,2.8
2016-02-21,17.2,2.5,0.0
2016-02-22,18.8,3.3,0.0
2016-02-23,22.0,6.4,0.0
2016-02-24,15.4,6.3,3.5
2016-02-25,15.7,4.0,0.0
2016-02-26,15.4,8.9,3.9
2016-02-27,15.2,7.5,0.4
2016-02-28,15.1,7.0,0.0
2016-02-29,14.6,11.6,1.7
2016-03-01,19.5,9.1,4.6
2016-03-02,15.0,5.2,0.0
2016-03-03,16.0,3.3,2.1
2016-03-04,12.3,3.2,2.7
2016-03-05,16.1,2.7,0.0
2016-03-06,18.6,8.4,0.0
2016-03-07,16.6,7.9,12.1
2016-03-08,15.4,3.6,0.0
2016-03-09,14.7,4.8,2.8
2016-03-10,11.3,8.7,13.0
2016-03-11,12.6,7.8,4.5
2016-03-12,11.5,5.5,7.2
2016-03-13,10.7,7.5,13.8
2016-03-14,10.7,5.7,3.8
2016-03-15,9.0,2.9,0.1
2016-03-16,10.8,5.3,0.9
2016-03-17,12.9,3.6,0.1
2016-03-18,16.5,1.7,0.0
2016-03-19,16.7,1.9,0.0
2016-03-20,18.6,2.5,0.0
2016-03-21,19.1,4.2,0.0
2016-03-22,22.1,8.9,0.0
2016-03-23,14.9,8.7,8.2
2016-03-24,11.6,5.7,10.3
2016-03-25,11.7,4.7,0.3
2016-03-26,12.6,0.7,0.0
2016-03-27,12.1,4.2,0.4
2016-03-28,17.1,1.8,0.0
2016-03-29,17.8,6.8,0.0
2016-03-30,22.5,6.1,0.0
2016-03-31,25.7,7.2,0.0
2016-04-01,25.9,9.7,0.0
2016-04-02,24.1,10.2,0.2
2016-04-03,24.0,12.5,0.0
2016-04-04,26.8,11.5,0.4
2016-04-05,27.5,10.4,0.0
2016-04-06,27.9,12.6,0.1
2016-04-07,28.1,11.8,0.0
2016-04-08,24.7,15.1,0.4
2016-04-09,19.6,12.4,2.1
2016-04-10,20.2,9.9,0.3
2016-04-11,20.7,12.2,0.0
2016-04-12,26.9,8.5,0.0
2016-04-13,29.2,9.6,0.0
2016-04-14,28.7,15.8,0.2
2016-04-15,25.1,11.8,0.0
2016-04-16,30.9,8.6,0.0
2016-04-17,32.8,11.3,0.0
2016-04-18,33.7,13.7,0.0
2016-04-19,32.4,17.6,0.0
2016-04-20,18.7,10.9,1.1
2016-04-21,23.1,5.4,0.0
2016-04-22,26.4,7.3,0.0
2016-04-23,24.6,11.3,4.4
2016-04-24,18.9,13.3,4.9
2016-04-25,16.1,6.4,6.5
2016-04-26,16.2,4.7,5.2
2016-04-27,21.6,3.3,0.0
2016-04-28,23.0,7.3,0.0
2016-04-29,16.2,12.7,4.7
2016-04-30,21.4,12.4,0.0
2016-05-01,22.1,11.8,7.2
2016-05-02,16.5,12.3,21.0
2016-05-03,13.3,11.0,14.8
2016-05-04,15.1,11.1,0.5
2016-05-05,18.5,10.3,0.6
2016-05-06,21.4,9.7,0.0
2016-05-07,21.8,8.0,1.5
2016-05-08,22.2,9.3,0.1
2016-05-09,23.6,9.9,0.7
2016-05-10,24.5,9.3,2.5
2016-05-11,24.5,12.3,1.1
2016-05-12,21.7,15.8,3.7
2016-05-13,25.1,16.2,2.5
2016-05-14,22.6,11.7,0.9
2016-05-15,22.4,10.6,3.8
2016-05-16,14.2,11.4,2.2
2016-05-17,17.8,8.6,0.0
2016-05-18,21.6,5.8,0.0
2016-05-19,25.3,8.8,0.0
2016-05-20,19.5,14.5,10.1
2016-05-21,17.5,14.3,24.1
2016-05-22,25.4,12.3,0.0
2016-05-23,28.1,10.5,0.0
2016-05-24,23.4,13.5,0.1
2016-05-25,23.1,11.2,0.0
2016-05-26,25.0,13.0,1.0
2016-05-27,28.6,11.9,0.0
2016-05-28,31.5,12.0,0.0
2016-05-29,31.3,17.1,0.0
2016-05-30,32.5,17.6,0.0
2016-05-31,31.0,13.6,0.0
2016-06-01,29.0,13.4,0.6
2016-06-02,26.2,15.4,3.4
2016-06-03,28.1,14.3,0.0
2016-06-04,27.8,14.1,0.0
2016-06-05,29.6,15.1,0.4
2016-06-06,26.1,16.1,0.9
2016-06-07,27.7,16.6,0.0
2016-06-08,27.9,14.4,0.0
2016-06-09,28.3,15.1,1.4
2016-06-10,28.5,16.1,4.5
2016-06-11,31.4,15.0,0.0
2016-06-12,29.0,16.5,0.8
2016-06-13,23.1,17.4,11.5
2016-06-14,25.7,16.0,1.1
2016-06-15,29.8,14.6,0.0
2016-06-16,34.6,14.3,0.0
2016-06-17,37.6,21.3,0.0
2016-06-18,39.1,19.5,0.1
2016-06-19,31.2,19.9,0.0
2016-06-20,37.2,18.4,0.5
2016-06-21,38.2,19.3,0.0
2016-06-22,36.8,21.1,0.0
2016-06-23,37.4,22.2,0.0
2016-06-24,35.8,22.7,0.0
2016-06-25,36.0,23.2,0.0
2016-06-26,34.4,21.5,0.9
2016-06-27,35.0,19.2,0.0
2016-06-28,28.1,19.6,0.4
2016-06-29,30.2,20.1,0.0
2016-06-30,35.5,16.4,0.0
2016-07-01,35.3,21.1,1.6
2016-07-02,33.5,19.6,1.0
2016-07-03,35.3,18.1,0.2
2016-07-04,29.8,22.2,0.0
2016-07-05,32.7,17.8,0.0
2016-07-06,35.2,19.9,1.4
2016-07-07,30.7,21.3,0.0
2016-07-08,31.2,15.4,0.0
2016-07-09,35.2,15.2,0.0
2016-07-10,34.4,20.0,0.0
2016-07-11,36.4,17.9,0.0
2016-07-12,37.5,23.1,0.0
2016-07-13,36.9,22.6,1.6
2016-07-14,38.6,23.2,0.0
2016-07-15,31.5,20.1,15.6
2016-07-16,26.4,17.1,8.1
2016-07-17,26.3,17.6,0.0
2016-07-18,27.0,17.8,0.0
2016-07-19,28.8,16.8,0.0
2016-07-20,29.8,17.4,0.0
2016-07-21,31.7,16.0,0.0
2016-07-22,35.5,15.8,0.0
2016-07-23,37.3,17.7,0.0
2016-07-24,37.4,19.7,0.0
2016-07-25,34.9,21.5,3.6
2016-07-26,29.1,20.5,1.3
2016-07-27,32.3,19.2,0.0
2016-07-28,34.7,18.4,1.0
2016-07-29,33.1,19.5,0.0
2016-07-30,33.9,19.2,0.0
2016-07-31,37.0,19.4,0.0
2016-08-01,37.5,20.7,1.3
2016-08-02,29.9,20.1,0.0
2016-08-03,30.7,19.3,0.0
2016-08-04,34.5,17.0,0.0
2016-08-05,37.4,19.1,0.0
2016-08-06,35.4,24.3,0.0
2016-08-07,29.1,21.5,1.1
2016-08-08,25.8,19.6,7.0
2016-08-09,30.3,19.5,0.0
2016-08-10,34.3,17.7,0.0
2016-08-11,30.0,18.3,0.0
2016-08-12,24.1,16.2,0.0
2016-08-13,27.3,12.6,0.0
2016-08-14,30.2,11.2,0.0
2016-08-15,33.7,13.0,0.0
2016-08-16,35.0,14.3,0.0
2016-08-17,35.4,16.4,0.0
2016-08-18,32.6,19.7,0.8
2016-08-19,33.0,20.0,5.2
2016-08-20,33.9,17.3,0.0
2016-08-21,34.6,18.3,0.0
2016-08-22,32.7,19.0,6.9
2016-08-23,23.0,17.7,0.8
2016-08-24,28.5,18.9,0.0
2016-08-25,31.1,21.2,0.1
2016-08-26,32.0,18.0,0.0
2016-08-27,31.6,14.3,0.0
2016-08-28,33.0,14.2,0.0
2016-08-29,34.2,15.5,0.0
2016-08-30,33.4,16.4,0.0
2016-08-31,33.5,17.8,0.0
2016-09-01,32.1,17.5,3.0
2016-09-02,31.0,17.3,0.0
2016-09-03,31.5,16.8,0.0
2016-09-04,32.7,14.8,0.0
2016-09-05,32.0,18.4,0.0
2016-09-06,20.8,15.4,21.8
2016-09-07,20.7,16.3,16.9
2016-09-08,24.4,16.5,1.4
2016-09-09,24.9,18.0,0.2
2016-09-10,27.3,18.0,0.3
2016-09-11,28.6,17.3,0.0
2016-09-12,29.8,16.8,0.1
2016-09-13,30.0,14.7,0.0
2016-09-14,29.5,13.5,0.0
2016-09-15,31.0,13.0,0.0
2016-09-16,32.2,14.3,0.0
2016-09-17,32.3,16.3,0.0
2016-09-18,31.1,19.2,0.0
2016-09-19,27.3,16.9,1.0
2016-09-20,22.8,14.5,0.3
2016-09-21,21.3,15.1,0.3
2016-09-22,20.2,11.3,0.0
2016-09-23,22.9,6.7,0.0
2016-09-24,24.1,6.4,0.0
2016-09-25,22.8,8.2,0.0
2016-09-26,22.7,8.3,0.0
2016-09-27,23.5,7.3,0.0
2016-09-28,25.0,7.2,0.0
2016-09-29,26.8,7.4,0.0
2016-09-30,28.5,7.8,0.0
2016-10-01,28.9,9.8,0.0
2016-10-02,30.4,9.1,0.0
2016-10-03,28.9,16.7,0.0
2016-10-04,20.0,12.9,0.0
2016-10-05,15.7,10.2,0.1
2016-10-06,20.3,9.4,0.0
2016-10-07,16.3,10.7,12.7
2016-10-08,16.0,9.8,1.4
2016-10-09,19.6,7.5,0.0
2016-10-10,14.8,11.4,8.6
2016-10-11,17.3,12.7,6.7
2016-10-12,19.1,11.3,4.4
2016-10-13,19.8,8.6,0.0
2016-10-14,22.8,6.5,0.0
2016-10-15,21.8,10.7,0.0
2016-10-16,19.1,13.9,5.1
2016-10-17,17.6,13.0,0.3
2016-10-18,16.1,13.0,0.4
2016-10-19,14.1,11.1,7.6
2016-10-20,16.8,11.3,0.0
2016-10-21,15.9,11.6,0.3
2016-10-22,18.3,13.5,4.0
2016-10-23,20.3,13.9,0.3
2016-10-24,21.8,10.6,0.0
2016-10-25,22.2,11.1,0.0
2016-10-26,19.1,10.7,0.2
2016-10-27,16.9,12.2,0.5
2016-10-28,14.2,6.3,3.0
2016-10-29,15.1,1.8,0.0
2016-10-30,16.2,7.8,0.0
2016-10-31,13.7,3.8,0.0
2016-11-01,15.2,-0.3,0.0
2016-11-02,19.1,1.3,0.0
2016-11-03,18.6,4.8,0.0
2016-11-04,14.0,6.7,0.0
2016-11-05,17.2,8.3,0.0
2016-11-06,21.9,10.6,0.0
2016-11-07,25.3,13.5,0.1
2016-11-08,20.6,16.1,7.2
2016-11-09,15.4,9.8,13.6
2016-11-10,12.4,8.3,1.4
2016-11-11,16.7,5.9,0.0
2016-11-12,15.4,6.9,7.4
2016-11-13,13.5,4.8,0.0
2016-11-14,7.2,2.7,0.0
2016-11-15,5.8,0.1,0.0
2016-11-16,8.2,-1.1,0.0
2016-11-17,13.8,2.6,0.0
2016-11-18,14.5,3.1,0.0
2016-11-19,16.4,4.4,0.0
2016-11-20,15.2,3.3,0.0
2016-11-21,15.5,4.7,0.0
2016-11-22,14.5,5.3,0.0
2016-11-23,13.1,5.1,0.0
2016-11-24,11.4,4.5,0.0
2016-11-25,10.6,5.1,0.0
2016-11-26,12.1,5.2,1.3
2016-11-27,12.8,6.6,0.2
2016-11-28,9.8,3.6,5.6
2016-11-29,3.5,1.2,6.5
2016-11-30,3.9,-4.9,0.4
2016-12-01,7.3,-7.8,0.0
2016-12-02,12.7,-2.3,0.3
2016-12-03,10.7,0.2,0.0
2016-12-04,7.4,-1.9,0.0
2016-12-05,8.3,0.6,0.0
2016-12-06,11.5,1.1,0.0
2016-12-07,7.5,-1.4,0.0
2016-12-08,6.2,-3.5,0.0
2016-12-09,12.5,-3.8,0.0
2016-12-10,14.0,-2.9,0.0
2016-12-11,14.0,-1.8,0.0
2016-12-12,10.3,-0.3,0.0
2016-12-13,6.2,-2.7,0.0
2016-12-14,5.0,-5.7,0.0
2016-12-15,6.5,-1.2,0.0
2016-12-16,5.7,1.0,0.0
2016-12-17,6.3,-3.1,0.0
2016-12-18,8.3,-4.5,0.0
2016-12-19,7.2,-4.8,0.0
2016-12-20,8.1,-6.3,0.0
2016-12-21,7.1,-3.8,0.0
2016-12-22,7.2,-4.2,0.0
2016-12-23,9.1,-1.5,0.0
2016-12-24,7.9,-3.8,0.0
2016-12-25,8.4,-2.7,0.0
2016-12-26,10.0,1.6,0.0
2016-12-27,10.2,3.9,0.6
2016-12-28,6.4,1.9,0.4
2016-12-29,3.8,1.3,0.0
2016-12-30,2.7,-1.1,0.0
2016-12-31,3.6,-3.5,0.0
2017-01-01,6.3,-5.7,0.0
2017-01-02,9.5,-6.2,0.0
2017-01-03,9.1,-2.4,0.1
2017-01-04,8.2,1.4,2.2
2017-01-05,3.7,0.3,18.9
2017-01-06,0.1,-7.7,9.5
2017-01-07,-8.2,-15.0,0.2
2017-01-08,-7.6,-21.8,0.0
2017-01-09,-5.4,-12.1,0.0
2017-01-10,-6.9,-12.4,0.4
2017-01-11,-4.2,-16.0,0.0
2017-01-12,1.8,-12.6,0.0
2017-01-13,3.2,-7.3,0.0
2017-01-14,7.6,2.0,11.9
2017-01-15,6.5,-5.9,0.0
2017-01-16,2.9,-3.5,3.1
2017-01-17,4.0,1.5,3.6
2017-01-18,2.6,0.6,4.3
2017-01-19,2.5,0.2,6.4
2017-01-20,2.8,-5.1,0.0
2017-01-21,2.0,-10.4,0.0
2017-01-22,0.4,-13.2,0.0
2017-01-23,1.6,-7.6,0.0
2017-01-24,2.0,-5.7,0.0
2017-01-25,0.3,-5.8,0.0
2017-01-26,-0.3,-6.8,0.0
2017-01-27,0.9,-17.3,0.0
2017-01-28,4.1,-14.8,0.0
2017-01-29,2.6,-8.9,0.0
2017-01-30,4.4,-9.3,0.0
2017-01-31,4.7,-0.2,0.0
2017-02-01,6.7,-3.0,0.0
2017-02-02,7.9,-0.7,0.0
2017-02-03,11.2,3.5,0.0
2017-02-04,12.6,4.4,0.3
2017-02-05,15.9,4.9,0.6
2017-02-06,16.5,5.5,6.8
2017-02-07,11.5,4.6,2.9
2017-02-08,8.3,4.2,0.0
2017-02-09,8.4,3.1,0.0
2017-02-10,8.4,6.5,0.0
2017-02-11,8.8,4.6,0.0
2017-02-12,7.7,2.8,0.0
2017-02-13,7.3,1.2,0.2
2017-02-14,8.2,-3.5,0.0
2017-02-15,13.1,-2.1,0.0
2017-02-16,14.4,-1.0,0.0
2017-02-17,14.2,0.6,0.0
2017-02-18,13.2,1.2,0.0
2017-02-19,7.8,3.0,9.7
2017-02-20,9.9,1.9,0.8
2017-02-21,13.3,-0.6,0.0
2017-02-22,18.7,2.8,0.0
2017-02-23,20.5,2.4,0.0
2017-02-24,18.3,4.6,0.9
2017-02-25,10.9,6.0,5.2
2017-02-26,13.4,4.5,1.0
2017-02-27,19.9,7.2,0.0
2017-02-28,21.2,5.9,0.0
2017-03-01,18.3,8.2,1.1
2017-03-02,18.7,4.0,0.4
2017-03-03,18.2,0.9,0.0
2017-03-04,21.0,3.5,0.0
2017-03-05,19.9,7.5,0.0
2017-03-06,18.0,9.5,0.5
2017-03-07,16.8,8.2,0.7
2017-03-08,13.2,9.1,9.9
2017-03-09,14.3,8.8,1.6
2017-03-10,11.9,8.4,5.2
2017-03-11,9.2,6.8,1.7
2017-03-12,10.1,5.1,0.7
2017-03-13,10.9,4.3,0.2
2017-03-14,13.7,7.8,0.0
2017-03-15,15.4,3.3,0.0
2017-03-16,15.0,4.5,0.6
2017-03-17,17.3,3.1,0.0
2017-03-18,21.0,1.9,0.0
2017-03-19,22.0,8.9,0.0
2017-03-20,25.3,6.2,0.0
2017-03-21,26.5,6.2,0.0
2017-03-22,26.9,10.7,0.0
2017-03-23,27.0,11.8,0.0
2017-03-24,27.4,12.5,0.0
2017-03-25,25.4,10.0,1.0
2017-03-26,21.9,7.4,7.9
2017-03-27,15.2,6.2,0.0
2017-03-28,20.1,1.7,0.0
2017-03-29,23.7,3.2,0.0
2017-03-30,24.6,6.4,0.0
2017-03-31,22.7,9.6,0.0
2017-04-01,25.0,9.1,0.0
2017-04-02,25.2,10.6,0.0
2017-04-03,21.5,9.6,0.6
2017-04-04,17.1,10.4,0.7
2017-04-05,19.4,8.6,1.7
2017-04-06,19.2,9.7,3.0
2017-04-07,13.9,9.1,0.0
2017-04-08,16.9,7.6,0.2
2017-04-09,20.5,9.6,0.0
2017-04-10,23.9,4.6,0.0
2017-04-11,25.3,10.7,0.0
2017-04-12,22.5,11.9,0.0
2017-04-13,25.0,6.5,0.0
2017-04-14,24.3,9.2,0.2
2017-04-15,25.5,9.4,1.4
2017-04-16,23.9,11.9,6.7
2017-04-17,14.2,8.3,8.3
2017-04-18,18.9,3.9,0.0
2017-04-19,12.9,4.8,17.0
2017-04-20,11.5,5.1,4.1
2017-04-21,9.2,3.2,1.1
2017-04-22,15.3,1.1,0.0
2017-04-23,18.0,5.0,1.8
2017-04-24,19.7,5.8,0.0
2017-04-25,23.6,7.6,0.0
2017-04-26,27.7,9.2,0.0
2017-04-27,29.5,11.1,0.0
2017-04-28,29.8,13.8,0.0
2017-04-29,25.3,17.4,0.2
2017-04-30,17.1,10.8,3.5
2017-05-01,25.5,12.5,1.1
2017-05-02,28.5,13.5,0.0
2017-05-03,30.2,15.1,0.0
2017-05-04,27.5,13.0,3.8
2017-05-05,26.7,13.1,0.3
2017-05-06,22.5,12.0,0.0
2017-05-07,23.3,13.5,1.7
2017-05-08,21.4,12.6,3.0
2017-05-09,18.9,13.5,6.1
2017-05-10,18.7,11.4,0.1
2017-05-11,27.1,7.5,0.0
2017-05-12,29.6,15.8,0.6
2017-05-13,31.6,16.5,0.0
2017-05-14,27.9,15.0,0.5
2017-05-15,27.7,13.2,0.1
2017-05-16,24.9,15.2,1.7
2017-05-17,22.9,14.5,3.5
2017-05-18,26.3,12.3,0.0
2017-05-19,28.1,8.3,0.0
2017-05-20,28.3,13.8,0.6
2017-05-21,22.1,15.3,1.4
2017-05-22,23.1,13.8,1.4
2017-05-23,27.6,13.8,1.7
2017-05-24,23.9,15.0,4.3
2017-05-25,20.2,14.3,8.5
2017-05-26,17.2,13.1,23.9
2017-05-27,23.3,14.6,0.1
2017-05-28,23.5,12.5,0.1
2017-05-29,26.0,10.1,0.0
2017-05-30,29.6,11.9,0.0
2017-05-31,31.7,13.6,0.0
2017-06-01,32.5,16.2,0.4
2017-06-02,31.7,18.0,3.4
2017-06-03,29.1,17.8,9.2
2017-06-04,30.0,16.0,0.2
2017-06-05,29.9,19.4,0.0
2017-06-06,31.0,16.9,2.3
2017-06-07,30.4,20.0,10.6
2017-06-08,24.0,16.3,1.9
2017-06-09,27.5,12.8,0.0
2017-06-10,30.4,12.2,0.3
2017-06-11,24.7,17.6,6.9
2017-06-12,30.6,15.3,0.0
2017-06-13,33.1,14.6,0.0
2017-06-14,32.9,18.2,1.0
2017-06-15,29.2,19.2,0.0
2017-06-16,32.2,16.1,0.0
2017-06-17,24.3,17.7,0.4
2017-06-18,20.1,15.3,0.0
2017-06-19,27.2,17.4,0.0
2017-06-20,31.0,15.0,0.0
2017-06-21,34.0,15.4,0.0
2017-06-22,33.5,16.6,0.0
2017-06-23,37.2,16.4,0.0
2017-06-24,35.0,20.8,0.0
2017-06-25,37.5,17.4,0.0
2017-06-26,36.1,23.1,0.9
2017-06-27,35.7,19.6,0.0
2017-06-28,37.5,20.7,0.0
2017-06-29,40.0,22.3,0.0
2017-06-30,40.7,20.0,0.0
2017-07-01,40.8,22.8,0.0
2017-07-02,35.9,21.9,4.0
2017-07-03,24.5,20.2,1.1
2017-07-04,30.0,17.3,0.0
2017-07-05,32.3,14.0,0.0
2017-07-06,35.0,14.8,0.0
2017-07-07,35.5,17.8,0.0
2017-07-08,35.9,20.5,0.0
2017-07-09,36.6,19.7,0.0
2017-07-10,39.0,21.7,0.9
2017-07-11,40.6,23.4,0.0
2017-07-12,38.8,20.4,0.0
2017-07-13,35.3,20.1,0.0
2017-07-14,32.4,20.7,0.0
2017-07-15,32.1,19.2,0.0
2017-07-16,22.3,17.1,3.7
2017-07-17,24.6,17.5,2.2
2017-07-18,30.6,17.7,0.0
2017-07-19,34.4,15.7,0.0
2017-07-20,35.0,20.0,0.2
2017-07-21,37.3,16.8,0.0
2017-07-22,39.6,21.0,0.0
2017-07-23,38.7,21.5,0.0
2017-07-24,40.9,23.9,0.0
2017-07-25,35.2,23.4,0.1
2017-07-26,31.8,19.6,1.6
2017-07-27,28.8,18.4,0.3
2017-07-28,32.2,17.8,0.0
2017-07-29,35.8,16.5,0.0
2017-07-30,37.9,18.3,0.0
2017-07-31,39.4,23.6,0.0
2017-08-01,39.0,20.3,0.0
2017-08-02,39.5,18.9,0.0
2017-08-03,40.2,18.3,0.0
2017-08-04,41.0,19.9,0.0
2017-08-05,42.1,22.5,0.0
2017-08-06,41.6,24.2,0.0
2017-08-07,37.1,25.8,0.1
2017-08-08,38.0,22.1,0.0
2017-08-09,40.1,23.9,0.0
2017-08-10,40.1,22.0,0.0
2017-08-11,41.1,22.2,0.0
2017-08-12,39.9,25.2,0.4
2017-08-13,22.6,18.8,3.0
2017-08-14,28.2,18.3,0.0
2017-08-15,34.0,15.5,0.0
2017-08-16,35.0,19.2,0.2
2017-08-17,34.8,19.5,0.1
2017-08-18,36.0,17.2,0.0
2017-08-19,37.6,17.5,0.0
2017-08-20,36.2,20.8,0.1
2017-08-21,25.3,18.4,0.0
2017-08-22,26.9,13.0,0.0
2017-08-23,29.4,10.1,0.0
2017-08-24,31.7,11.5,0.0
2017-08-25,35.4,12.2,0.0
2017-08-26,37.1,15.4,0.0
2017-08-27,37.8,16.4,0.0
2017-08-28,35.1,15.3,0.0
2017-08-29,28.7,20.4,0.7
2017-08-30,31.4,16.1,0.0
2017-08-31,34.8,15.7,0.0
2017-09-01,37.0,17.2,0.0
2017-09-02,37.6,19.5,0.0
2017-09-03,30.1,21.2,1.0
2017-09-04,28.1,12.9,0.0
2017-09-05,25.2,12.7,0.8
2017-09-06,30.3,8.5,0.0
2017-09-07,33.4,10.5,0.0
2017-09-08,32.2,14.2,0.0
2017-09-09,27.4,19.0,4.9
2017-09-10,33.5,15.0,0.0
2017-09-11,33.1,17.9,0.8
2017-09-12,30.9,19.7,0.6
2017-09-13,30.3,16.2,0.0
2017-09-14,34.5,14.2,0.0
2017-09-15,32.2,13.3,0.0
2017-09-16,36.2,12.6,0.0
2017-09-17,37.6,18.1,0.0
2017-09-18,33.8,17.3,0.0
2017-09-19,32.9,13.9,0.0
2017-09-20,26.4,13.8,0.0
2017-09-21,21.7,11.3,1.8
2017-09-22,20.8,9.7,0.0
2017-09-23,25.9,10.7,0.0
2017-09-24,25.8,8.6,0.1
2017-09-25,19.1,15.1,9.9
2017-09-26,19.2,13.4,4.3
2017-09-27,19.6,15.2,4.2
2017-09-28,19.9,14.5,2.2
2017-09-29,19.3,13.3,0.7
2017-09-30,19.6,11.5,0.0
2017-10-01,21.5,9.5,0.0
2017-10-02,23.4,12.3,0.0
2017-10-03,24.5,11.4,0.0
2017-10-04,23.9,10.6,0.0
2017-10-05,28.0,8.4,0.0
2017-10-06,25.5,10.7,1.0
2017-10-07,9.9,5.9,16.3
2017-10-08,19.1,8.7,0.5
2017-10-09,20.6,5.2,0.0
2017-10-10,22.8,6.1,0.0
2017-10-11,23.7,6.4,0.0
2017-10-12,24.9,5.6,0.0
2017-10-13,24.6,6.7,0.0
2017-10-14,23.5,8.0,0.0
2017-10-15,25.1,7.6,0.0
2017-10-16,27.4,8.2,0.0
2017-10-17,27.4,9.2,0.0
2017-10-18,27.8,12.0,0.0
2017-10-19,27.7,10.6,0.0
2017-10-20,27.3,8.0,0.0
2017-10-21,26.8,7.6,0.0
2017-10-22,25.2,7.7,0.0
2017-10-23,20.9,10.2,11.3
2017-10-24,9.7,7.3,13.8
2017-10-25,13.8,9.3,0.1
2017-10-26,19.6,6.0,0.0
2017-10-27,22.6,4.8,0.0
2017-10-28,14.9,8.4,3.7
2017-10-29,18.7,4.8,0.2
2017-10-30,15.7,7.3,1.0
2017-10-31,13.5,1.5,0.0
2017-11-01,13.5,0.1,0.0
2017-11-02,16.1,-0.9,0.0
2017-11-03,15.6,2.3,0.4
2017-11-04,14.7,6.3,1.8
2017-11-05,16.3,0.1,0.0
2017-11-06,15.8,5.5,0.0
2017-11-07,14.8,8.6,0.0
2017-11-08,13.6,11.1,10.0
2017-11-09,15.8,9.2,0.0
2017-11-10,15.2,5.3,1.0
2017-11-11,14.8,8.6,8.2
2017-11-12,18.7,8.5,0.0
2017-11-13,19.4,9.8,0.4
2017-11-14,15.6,10.0,0.9
2017-11-15,10.5,8.6,19.0
2017-11-16,12.3,9.5,9.0
2017-11-17,11.8,10.2,6.3
2017-11-18,11.2,9.0,2.7
2017-11-19,10.9,7.7,3.7
2017-11-20,8.5,2.9,4.1
2017-11-21,11.8,0.3,0.0
2017-11-22,14.7,1.5,0.0
2017-11-23,15.4,0.9,0.0
2017-11-24,14.4,1.3,0.0
2017-11-25,13.9,1.8,0.0
2017-11-26,14.3,4.6,1.6
2017-11-27,10.7,3.6,14.2
2017-11-28,6.7,0.6,0.1
2017-11-29,8.2,-4.9,0.0
2017-11-30,11.6,3.7,10.6
2017-12-01,12.1,7.7,39.3
2017-12-02,7.3,5.8,12.7
2017-12-03,13.9,5.4,3.3
2017-12-04,7.5,2.3,2.3
2017-12-05,6.8,0.6,0.0
2017-12-06,11.0,2.0,0.0
2017-12-07,12.5,-1.4,0.0
2017-12-08,12.5,-0.1,0.0
2017-12-09,14.5,2.3,2.3
2017-12-10,8.5,1.7,5.4
2017-12-11,10.5,0.5,0.0
2017-12-12,15.6,4.0,0.0
2017-12-13,11.8,3.3,0.3
2017-12-14,13.5,3.9,0.6
2017-12-15,13.4,5.0,0.0
2017-12-16,16.3,9.8,12.0
2017-12-17,9.4,3.9,10.2
2017-12-18,4.3,2.0,0.3
2017-12-19,4.4,0.4,0.0
2017-12-20,3.0,-0.9,0.0
2017-12-21,2.8,-2.3,0.0
2017-12-22,3.7,-4.2,0.0
2017-12-23,8.9,1.8,0.0
2017-12-24,11.6,3.0,0.0
2017-12-25,13.9,-0.0,0.0
2017-12-26,10.5,0.1,0.0
2017-12-27,13.3,4.1,0.0
2017-12-28,11.7,7.8,3.7
2017-12-29,10.9,5.2,4.3
2017-12-30,8.8,0.2,0.0
2017-12-31,9.9,-1.5,0.0
2018-01-01,11.2,0.4,0.0
2018-01-02,12.7,4.7,1.0
2018-01-03,11.2,5.4,0.2
2018-01-04,9.8,3.4,3.2
2018-01-05,11.6,2.2,0.0
2018-01-06,12.7,2.2,0.0
2018-01-07,11.0,1.0,0.0
2018-01-08,9.0,4.1,0.0
2018-01-09,10.2,4.2,0.0
2018-01-10,10.7,5.3,0.0
2018-01-11,10.4,6.3,0.0
2018-01-12,8.6,5.8,0.1
2018-01-13,9.5,3.5,1.0
2018-01-14,5.4,3.0,1.0
2018-01-15,4.6,3.4,3.1
2018-01-16,10.3,3.3,0.0
2018-01-17,13.7,4.1,11.8
2018-01-18,8.6,2.7,1.8
2018-01-19,11.2,-0.2,0.0
2018-01-20,9.8,2.0,5.3
2018-01-21,5.6,0.6,6.8
2018-01-22,5.2,0.1,1.0
2018-01-23,5.4,-2.5,0.0
2018-01-24,5.1,-1.7,0.0
2018-01-25,6.3,-4.1,0.0
2018-01-26,9.0,-2.6,0.0
2018-01-27,10.0,-1.8,0.0
2018-01-28,12.7,-3.6,0.0
2018-01-29,15.8,-1.3,0.0
2018-01-30,16.1,-0.5,0.0
2018-01-31,14.2,-0.4,0.0
2018-02-01,14.2,2.3,0.0
2018-02-02,16.6,6.2,0.0
2018-02-03,17.8,9.2,11.3
2018-02-04,13.2,6.5,12.1
2018-02-05,10.9,3.5,0.0
2018-02-06,10.1,1.1,0.0
2018-02-07,9.9,7.5,4.3
2018-02-08,14.4,4.8,0.2
2018-02-09,12.7,3.5,0.0
2018-02-10,7.0,3.8,9.2
2018-02-11,5.6,3.3,7.4
2018-02-12,8.3,-4.3,0.0
2018-02-13,5.7,-1.3,9.3
2018-02-14,9.4,2.7,6.9
2018-02-15,5.7,1.2,0.0
2018-02-16,10.8,-2.2,0.0
2018-02-17,13.4,-2.7,0.0
2018-02-18,12.2,3.4,0.6
2018-02-19,6.7,4.0,9.2
2018-02-20,8.0,5.6,6.6
2018-02-21,8.8,4.7,2.4
2018-02-22,10.2,7.4,3.3
2018-02-23,11.1,7.4,0.3
2018-02-24,9.7,4.2,2.7
2018-02-25,3.2,-2.3,6.5
2018-02-26,-1.1,-3.5,13.4
2018-02-27,3.7,-4.2,6.1
2018-02-28,1.9,-7.4,1.0
2018-03-01,-0.7,-10.2,0.0
2018-03-02,7.0,-1.9,5.8
2018-03-03,15.7,2.9,1.9
2018-03-04,12.8,6.9,0.5
2018-03-05,12.5,4.5,4.3
2018-03-06,15.3,9.8,5.3
2018-03-07,19.0,5.9,0.0
2018-03-08,16.0,7.8,3.1
2018-03-09,17.6,4.2,0.0
2018-03-10,20.1,2.3,0.0
2018-03-11,21.9,4.8,0.0
2018-03-12,21.8,10.1,8.2
2018-03-13,17.9,8.6,2.5
2018-03-14,16.9,6.3,0.3
2018-03-15,17.9,5.7,0.0
2018-03-16,16.4,9.9,0.4
2018-03-17,22.2,9.1,0.0
2018-03-18,18.7,9.4,6.9
2018-03-19,13.6,9.0,12.3
2018-03-20,15.8,5.8,0.2
2018-03-21,13.4,3.2,6.4
2018-03-22,3.0,0.4,12.0
2018-03-23,2.8,-0.1,11.2
2018-03-24,6.5,-2.3,0.4
2018-03-25,8.9,3.6,4.8
2018-03-26,11.5,5.5,5.0
2018-03-27,12.7,6.5,3.7
2018-03-28,14.9,5.4,0.3
2018-03-29,19.7,1.7,0.0
2018-03-30,22.1,5.4,0.0
2018-03-31,23.9,11.0,0.0
2018-04-01,16.4,9.9,3.8
2018-04-02,19.5,6.3,0.5
2018-04-03,23.4,4.2,0.0
2018-04-04,25.4,9.8,0.0
2018-04-05,24.4,11.9,5.6
2018-04-06,15.8,12.5,11.0
2018-04-07,19.6,11.3,0.0
2018-04-08,25.4,7.3,0.0
2018-04-09,25.7,12.7,0.0
2018-04-10,25.6,12.7,0.0
2018-04-11,24.6,11.9,0.0
2018-04-12,27.6,11.8,0.0
2018-04-13,27.2,15.1,0.2
2018-04-14,28.6,10.3,0.0
2018-04-15,24.6,17.1,0.0
2018-04-16,19.1,15.0,0.3
2018-04-17,23.4,12.1,0.0
2018-04-18,23.2,11.5,0.0
2018-04-19,24.2,14.4,0.0
2018-04-20,25.0,11.6,0.0
2018-04-21,25.7,8.6,0.0
2018-04-22,29.2,7.5,0.0
2018-04-23,30.5,10.4,0.0
2018-04-24,31.9,10.2,2.3
2018-04-25,29.5,12.6,0.5
2018-04-26,31.1,12.0,0.0
2018-04-27,28.9,13.6,0.0
2018-04-28,30.4,13.5,0.0
2018-04-29,29.4,16.9,0.0
2018-04-30,26.3,17.2,0.0
2018-05-01,30.0,14.1,0.2
2018-05-02,30.6,17.7,0.0
2018-05-03,26.2,16.8,0.0
2018-05-04,30.1,18.3,0.9
2018-05-05,29.0,14.3,8.8
2018-05-06,27.0,14.8,3.8
2018-05-07,25.4,16.2,1.8
2018-05-08,26.2,15.4,0.0
2018-05-09,27.9,12.8,0.0
2018-05-10,24.9,13.4,1.1
2018-05-11,25.0,14.7,0.0
2018-05-12,27.5,11.1,0.0
2018-05-13,27.3,13.2,0.7
2018-05-14,26.2,15.0,0.0
2018-05-15,27.4,17.1,4.4
2018-05-16,27.8,13.9,1.7
2018-05-17,27.9,12.3,0.0
2018-05-18,26.0,11.0,0.3
2018-05-19,26.4,15.9,0.5
2018-05-20,28.9,12.9,0.0
2018-05-21,24.6,17.3,3.4
2018-05-22,28.5,16.6,3.7
2018-05-23,29.6,14.7,3.5
2018-05-24,26.5,16.6,1.7
2018-05-25,28.5,13.9,0.1
2018-05-26,30.5,14.5,0.0
2018-05-27,29.5,15.3,0.0
2018-05-28,31.2,15.7,0.4
2018-05-29,31.4,17.2,0.0
2018-05-30,32.4,15.1,0.0
2018-05-31,33.4,16.8,0.0
2018-06-01,33.9,15.1,0.0
2018-06-02,33.1,15.4,1.8
2018-06-03,31.7,16.8,0.5
2018-06-04,31.1,16.7,0.4
2018-06-05,32.3,16.7,0.3
2018-06-06,31.3,18.4,0.1
2018-06-07,34.2,17.0,1.3
2018-06-08,34.4,21.5,0.4
2018-06-09,29.6,20.5,6.8
2018-06-10,28.9,18.0,0.0
2018-06-11,33.2,17.1,0.0
2018-06-12,35.6,19.1,0.1
2018-06-13,33.9,21.0,8.3
2018-06-14,30.0,17.4,3.9
2018-06-15,24.6,18.1,6.0
2018-06-16,27.6,18.4,0.6
2018-06-17,28.6,17.2,0.3
2018-06-18,27.7,18.0,0.1
2018-06-19,28.3,20.2,0.8
2018-06-20,31.1,19.2,0.1
2018-06-21,32.0,18.0,0.0
2018-06-22,32.5,18.1,4.3
2018-06-23,23.5,14.8,0.1
2018-06-24,25.1,11.2,0.0
2018-06-25,25.6,14.1,1.7
2018-06-26,26.3,17.5,2.3
2018-06-27,21.0,17.0,3.2
2018-06-28,19.2,16.7,16.7
2018-06-29,26.8,17.0,1.0
2018-06-30,28.5,19.7,2.4
2018-07-01,29.8,17.3,0.0
2018-07-02,33.5,17.4,0.7
2018-07-03,36.1,19.1,1.2
2018-07-04,35.1,21.1,2.0
2018-07-05,33.1,19.3,0.1
2018-07-06,35.4,19.1,0.1
2018-07-07,27.4,21.6,6.5
2018-07-08,26.6,20.1,2.5
2018-07-09,27.0,19.2,0.1
2018-07-10,28.4,15.5,0.2
2018-07-11,33.0,16.4,0.0
2018-07-12,34.6,17.8,0.0
2018-07-13,33.1,20.1,0.3
2018-07-14,31.3,21.0,0.0
2018-07-15,33.2,17.8,0.0
2018-07-16,33.9,19.6,0.0
2018-07-17,32.0,20.7,6.0
2018-07-18,30.7,19.9,0.0
2018-07-19,27.0,20.1,0.0
2018-07-20,31.5,20.6,0.0
2018-07-21,36.1,16.9,0.0
2018-07-22,38.5,19.9,0.0
2018-07-23,29.7,19.8,11.5
2018-07-24,27.6,19.1,1.1
2018-07-25,28.0,20.9,1.9
2018-07-26,27.8,20.2,5.3
2018-07-27,29.9,19.5,4.1
2018-07-28,31.9,19.3,0.2
2018-07-29,31.4,19.8,0.2
2018-07-30,31.9,21.3,1.1
2018-07-31,30.9,22.1,0.1
2018-08-01,32.3,20.6,0.3
2018-08-02,33.0,20.7,0.8
2018-08-03,31.1,21.5,3.2
2018-08-04,34.0,20.0,0.0
2018-08-05,33.9,17.9,0.0
2018-08-06,35.0,17.7,0.0
2018-08-07,34.8,19.0,0.0
2018-08-08,37.0,18.6,0.0
2018-08-09,36.5,22.6,0.0
2018-08-10,36.0,23.8,0.0
2018-08-11,35.5,20.2,0.0
2018-08-12,35.0,19.4,0.0
2018-08-13,36.0,18.6,0.2
2018-08-14,35.5,21.8,2.8
2018-08-15,33.4,21.4,0.7
2018-08-16,30.0,19.7,0.3
2018-08-17,33.3,18.6,0.0
2018-08-18,34.8,17.7,0.0
2018-08-19,34.3,19.8,0.0
2018-08-20,33.3,18.9,1.4
2018-08-21,34.7,17.6,0.0
2018-08-22,35.5,17.1,0.0
2018-08-23,34.6,18.3,0.0
2018-08-24,34.8,19.1,0.0
2018-08-25,34.9,23.1,0.0
2018-08-26,34.3,21.9,3.3
2018-08-27,22.0,18.9,12.8
2018-08-28,26.0,18.4,0.0
2018-08-29,32.2,18.3,0.0
2018-08-30,34.6,16.1,0.0
2018-08-31,34.7,18.7,0.7
2018-09-01,34.7,18.0,0.4
2018-09-02,34.8,18.5,0.0
2018-09-03,34.3,19.3,0.0
2018-09-04,32.9,16.7,0.0
2018-09-05,28.3,17.7,0.9
2018-09-06,29.5,17.6,0.4
2018-09-07,31.0,17.1,0.0
2018-09-08,27.9,18.1,0.2
2018-09-09,29.5,15.8,0.0
2018-09-10,29.8,14.0,0.0
2018-09-11,28.4,14.0,0.0
2018-09-12,29.8,13.8,0.0
2018-09-13,31.0,13.5,0.0
2018-09-14,31.6,13.7,0.0
2018-09-15,31.6,14.7,0.0
2018-09-16,29.5,16.9,0.0
2018-09-17,30.7,12.2,0.0
2018-09-18,31.2,14.6,0.0
2018-09-19,31.8,18.6,0.0
2018-09-20,31.8,14.2,0.0
2018-09-21,32.1,14.4,0.0
2018-09-22,32.9,16.0,0.0
2018-09-23,33.2,14.2,0.0
2018-09-24,32.1,13.1,0.0
2018-09-25,18.3,9.8,0.0
2018-09-26,19.6,5.7,0.0
2018-09-27,21.1,4.1,0.0
2018-09-28,24.2,3.5,0.0
2018-09-29,23.9,13.1,0.0
2018-09-30,23.3,11.5,0.0
2018-10-01,25.6,13.4,0.5
2018-10-02,26.6,11.6,0.0
2018-10-03,24.4,12.3,0.0
2018-10-04,23.6,10.8,0.0
2018-10-05,25.1,7.6,0.0
2018-10-06,25.8,12.9,0.0
2018-10-07,26.7,13.3,0.8
2018-10-08,27.4,12.9,1.3
2018-10-09,26.4,12.1,0.0
2018-10-10,25.4,6.7,0.0
2018-10-11,25.8,6.5,0.0
2018-10-12,25.3,9.4,0.0
2018-10-13,25.4,9.6,0.0
2018-10-14,24.5,10.8,0.0
2018-10-15,26.0,11.5,0.0
2018-10-16,25.9,10.6,0.0
2018-10-17,26.6,7.1,0.0
2018-10-18,26.1,8.2,0.0
2018-10-19,25.2,10.9,0.0
2018-10-20,20.0,13.0,1.8
2018-10-21,15.9,10.0,1.7
2018-10-22,16.0,10.2,4.8
2018-10-23,16.8,8.5,1.1
2018-10-24,22.6,4.5,1.8
2018-10-25,16.3,6.7,0.0
2018-10-26,22.4,2.0,0.0
2018-10-27,26.0,8.0,0.0
2018-10-28,23.8,11.8,0.0
2018-10-29,24.7,15.8,0.0
2018-10-30,22.5,14.2,0.0
2018-10-31,24.2,13.8,0.0
2018-11-01,24.3,14.6,0.0
2018-11-02,25.3,16.1,0.0
2018-11-03,25.4,14.1,0.0
2018-11-04,22.6,10.1,0.0
2018-11-05,20.0,7.8,0.0
2018-11-06,21.4,4.5,0.0
2018-11-07,19.8,7.4,0.0
2018-11-08,19.4,8.1,0.0
2018-11-09,18.4,3.6,0.0
2018-11-10,18.0,5.9,0.0
2018-11-11,18.4,3.4,0.0
2018-11-12,18.4,3.1,0.0
2018-11-13,17.4,4.0,0.0
2018-11-14,14.9,1.3,0.0
2018-11-15,14.9,3.8,0.0
2018-11-16,13.7,2.7,0.0
2018-11-17,8.6,4.1,0.1
2018-11-18,6.9,3.1,18.0
2018-11-19,8.8,1.3,1.9
2018-11-20,11.1,5.5,8.7
2018-11-21,12.4,7.7,11.7
2018-11-22,11.4,6.3,0.6
2018-11-23,13.1,6.1,0.0
2018-11-24,13.1,6.1,0.6
2018-11-25,11.4,8.0,2.1
2018-11-26,16.9,11.3,4.2
2018-11-27,13.1,11.2,13.3
2018-11-28,10.4,3.8,4.0
2018-11-29,5.8,1.6,0.0
2018-11-30,5.2,-1.3,0.0
2018-12-01,6.0,-1.8,0.0
2018-12-02,9.3,-2.7,0.0
2018-12-03,9.7,0.9,0.0
2018-12-04,10.0,3.5,0.6
2018-12-05,11.4,4.9,1.7
2018-12-06,8.2,-2.0,0.0
2018-12-07,8.6,-3.7,0.0
2018-12-08,8.0,-0.2,0.1
2018-12-09,10.5,3.5,2.4
2018-12-10,8.8,2.6,2.6
2018-12-11,7.7,0.5,0.0
2018-12-12,8.1,-1.9,0.0
2018-12-13,5.2,-2.4,0.1
2018-12-14,6.1,2.2,1.5
2018-12-15,9.7,4.9,1.9
2018-12-16,9.2,-0.5,16.2
2018-12-17,4.0,-0.5,0.8
2018-12-18,3.3,1.3,1.1
2018-12-19,5.4,1.1,0.0
2018-12-20,7.1,-0.3,0.0
2018-12-21,7.0,1.3,0.0
2018-12-22,8.7,0.7,0.0
2018-12-23,12.9,3.0,0.0
2018-12-24,14.1,2.9,7.9
2018-12-25,6.7,0.4,1.0
2018-12-26,6.9,0.0,0.2
2018-12-27,7.0,-0.9,0.0
2018-12-28,9.5,-1.5,0.0
2018-12-29,10.8,3.2,0.0
2018-12-30,7.2,1.3,0.0
2018-12-31,7.5,1.4,0.0
2019-01-01,8.1,-1.2,0.0
2019-01-02,5.8,-2.4,0.3
2019-01-03,3.4,-0.4,1.7
2019-01-04,-0.3,-3.0,2.8
2019-01-05,1.3,-4.3,0.2
2019-01-06,3.3,-5.0,0.8
2019-01-07,-1.4,-6.3,0.5
2019-01-08,0.4,-17.0,0.0
2019-01-09,-1.4,-3.3,9.7
2019-01-10,0.5,-2.6,7.9
2019-01-11,2.2,-3.7,0.0
2019-01-12,0.6,-6.5,0.0
2019-01-13,2.6,-9.2,0.0
2019-01-14,1.6,-9.1,0.8
2019-01-15,2.6,-5.1,0.0
2019-01-16,7.9,-6.6,0.0
2019-01-17,8.6,-5.8,0.0
2019-01-18,6.1,-5.8,0.0
2019-01-19,7.4,0.9,0.0
2019-01-20,9.1,2.9,1.8
2019-01-21,7.1,1.8,0.0
2019-01-22,7.6,2.9,3.5
2019-01-23,8.1,5.8,10.0
2019-01-24,7.8,4.2,5.2
2019-01-25,3.9,0.4,23.6
2019-01-26,0.8,-2.2,2.8
2019-01-27,3.3,-8.9,0.0
2019-01-28,6.3,-3.4,1.0
2019-01-29,9.5,5.5,5.0
2019-01-30,8.1,4.3,7.4
2019-01-31,7.6,2.8,2.1
2019-02-01,10.7,-0.3,0.0
2019-02-02,15.1,5.8,0.0
2019-02-03,16.1,7.6,0.0
2019-02-04,14.6,8.9,1.1
2019-02-05,12.0,5.6,0.0
2019-02-06,7.6,5.7,7.4
2019-02-07,8.6,3.4,0.5
2019-02-08,10.4,0.9,0.0
2019-02-09,11.3,0.6,0.0
2019-02-10,14.3,-0.4,0.0
2019-02-11,15.1,3.8,0.9
2019-02-12,7.7,3.6,5.7
2019-02-13,4.8,1.6,0.0
2019-02-14,7.8,-1.7,0.0
2019-02-15,9.3,5.1,0.3
2019-02-16,12.4,1.0,0.0
2019-02-17,15.5,-1.5,0.0
2019-02-18,17.2,-2.1,0.0
2019-02-19,17.8,1.0,0.0
2019-02-20,18.0,0.1,0.0
2019-02-21,15.8,0.7,0.0
2019-02-22,10.3,0.3,1.0
2019-02-23,6.4,-2.4,2.3
2019-02-24,3.8,-4.2,0.0
2019-02-25,6.2,-2.6,0.0
2019-02-26,13.7,-3.2,0.0
2019-02-27,10.2,3.8,0.0
2019-02-28,18.8,0.4,0.0
2019-03-01,20.3,0.5,0.0
2019-03-02,15.5,5.9,0.0
2019-03-03,13.3,3.2,0.0
2019-03-04,19.1,-0.2,0.0
2019-03-05,20.1,3.1,0.0
2019-03-06,21.9,7.3,0.0
2019-03-07,24.0,4.3,0.0
2019-03-08,23.5,8.4,0.0
2019-03-09,23.2,7.1,0.0
2019-03-10,24.1,7.4,0.0
2019-03-11,20.6,8.6,0.1
2019-03-12,6.7,4.8,5.0
2019-03-13,13.4,-1.2,0.0
2019-03-14,8.5,3.7,3.2
2019-03-15,15.8,1.3,0.0
2019-03-16,21.8,1.9,0.0
2019-03-17,26.7,5.2,0.0
2019-03-18,26.6,6.3,0.0
2019-03-19,22.6,10.0,0.0
2019-03-20,18.5,7.2,0.0
2019-03-21,18.5,8.2,0.0
2019-03-22,20.6,4.9,0.0
2019-03-23,22.7,4.3,0.0
2019-03-24,23.6,5.4,0.0
2019-03-25,25.8,5.8,0.0
2019-03-26,15.0,7.5,0.0
2019-03-27,16.0,6.9,0.0
2019-03-28,18.4,4.9,0.0
2019-03-29,18.5,3.1,0.0
2019-03-30,20.7,5.4,0.0
2019-03-31,24.2,4.4,0.0
2019-04-01,25.7,3.3,0.0
2019-04-02,24.1,9.7,0.0
2019-04-03,20.7,10.9,0.0
2019-04-04,20.4,8.6,0.0
2019-04-05,16.0,9.8,0.3
2019-04-06,21.0,10.7,0.0
2019-04-07,21.8,10.4,0.0
2019-04-08,15.3,10.7,10.3
2019-04-09,13.5,11.0,9.3
2019-04-10,21.2,10.7,2.9
2019-04-11,20.1,10.7,4.4
2019-04-12,19.6,6.7,3.1
2019-04-13,18.2,8.6,0.4
2019-04-14,17.8,10.9,0.0
2019-04-15,13.5,9.1,5.5
2019-04-16,18.5,7.9,0.4
2019-04-17,20.4,4.4,0.0
2019-04-18,17.6,8.1,0.9
2019-04-19,22.1,6.5,0.0
2019-04-20,20.4,7.8,0.0
2019-04-21,23.4,5.7,0.0
2019-04-22,24.4,8.6,0.0
2019-04-23,16.6,11.2,3.3
2019-04-24,25.1,11.3,0.0
2019-04-25,27.7,12.9,1.1
2019-04-26,31.3,13.3,0.0
2019-04-27,24.5,12.8,2.6
2019-04-28,24.5,8.7,0.0
2019-04-29,24.6,9.8,0.0
2019-04-30,21.4,11.3,0.0
2019-05-01,21.6,7.9,0.2
2019-05-02,23.4,12.3,0.0
2019-05-03,26.2,8.3,0.0
2019-05-04,22.6,9.6,0.0
2019-05-05,16.9,14.2,7.9
2019-05-06,19.6,11.5,4.1
2019-05-07,14.5,9.5,0.0
2019-05-08,21.3,5.9,0.0
2019-05-09,19.4,10.4,0.9
2019-05-10,23.0,11.7,1.0
2019-05-11,26.6,8.8,0.0
2019-05-12,24.9,15.2,0.0
2019-05-13,16.4,13.8,18.0
2019-05-14,18.8,11.9,10.4
2019-05-15,21.1,9.2,0.6
2019-05-16,17.8,11.5,3.0
2019-05-17,20.8,11.4,2.3
2019-05-18,28.1,9.5,0.0
2019-05-19,28.0,12.2,0.0
2019-05-20,22.4,15.3,4.0
2019-05-21,24.7,11.2,0.3
2019-05-22,26.6,11.6,1.9
2019-05-23,25.0,13.4,0.2
2019-05-24,23.1,13.1,1.2
2019-05-25,26.5,13.9,0.2
2019-05-26,27.1,12.9,0.0
2019-05-27,25.1,19.3,4.3
2019-05-28,29.4,17.1,0.3
2019-05-29,27.3,14.8,0.0
2019-05-30,26.9,14.0,0.6
2019-05-31,21.6,15.6,0.5
2019-06-01,26.4,14.2,0.0
2019-06-02,24.0,14.8,7.2
2019-06-03,22.2,15.1,12.4
2019-06-04,23.7,14.4,1.0
2019-06-05,25.3,16.1,4.8
2019-06-06,29.5,16.2,0.1
2019-06-07,34.5,15.7,0.0
2019-06-08,36.0,16.2,0.0
2019-06-09,33.6,19.6,0.0
2019-06-10,32.2,19.7,0.4
2019-06-11,32.2,17.3,0.0
2019-06-12,34.2,18.0,0.0
2019-06-13,38.1,19.7,0.1
2019-06-14,36.5,19.8,0.8
2019-06-15,36.8,19.7,0.0
2019-06-16,36.1,21.3,1.4
2019-06-17,32.3,20.3,3.1
2019-06-18,30.7,18.6,1.4
2019-06-19,32.1,18.7,0.9
2019-06-20,31.2,19.0,1.0
2019-06-21,32.8,18.6,0.1
2019-06-22,34.6,18.3,0.0
2019-06-23,36.5,21.2,0.2
2019-06-24,30.1,20.8,4.8
2019-06-25,32.8,19.9,0.0
2019-06-26,33.1,22.4,0.0
2019-06-27,36.0,20.8,0.0
2019-06-28,33.1,20.7,0.5
2019-06-29,30.9,18.3,0.0
2019-06-30,32.0,16.0,0.0
2019-07-01,37.3,17.8,0.0
2019-07-02,40.1,20.3,0.0
2019-07-03,38.1,20.6,1.5
2019-07-04,36.0,20.8,2.3
2019-07-05,34.9,18.6,1.3
2019-07-06,35.4,18.9,0.0
2019-07-07,38.8,20.2,0.0
2019-07-08,32.9,21.2,0.5
2019-07-09,35.8,20.8,0.0
2019-07-10,27.1,15.0,21.7
2019-07-11,26.8,13.7,0.0
2019-07-12,28.5,12.9,0.0
2019-07-13,30.0,15.6,1.3
2019-07-14,25.6,17.6,1.2
2019-07-15,27.8,15.8,0.0
2019-07-16,22.5,18.1,5.6
2019-07-17,30.5,16.5,0.0
2019-07-18,32.8,14.3,0.0
2019-07-19,33.2,16.7,0.4
2019-07-20,34.2,16.7,0.0
2019-07-21,36.4,18.1,0.0
2019-07-22,36.0,18.3,0.2
2019-07-23,33.5,21.1,0.0
2019-07-24,31.8,23.3,0.0
2019-07-25,35.2,18.7,0.0
2019-07-26,37.4,19.3,0.0
2019-07-27,37.7,22.5,1.6
2019-07-28,35.8,22.1,0.6
2019-07-29,30.4,22.3,0.2
2019-07-30,31.3,20.6,2.5
2019-07-31,33.3,18.8,0.0
2019-08-01,34.6,21.0,0.3
2019-08-02,37.7,20.5,0.2
2019-08-03,35.9,22.5,0.0
2019-08-04,29.4,20.4,0.0
2019-08-05,30.6,16.6,0.0
2019-08-06,34.5,14.3,0.0
2019-08-07,38.1,18.9,0.0
2019-08-08,39.0,23.3,0.0
2019-08-09,37.2,23.8,0.0
2019-08-10,39.1,20.0,0.0
2019-08-11,40.3,21.5,0.0
2019-08-12,40.3,21.8,0.0
2019-08-13,41.0,24.9,0.0
2019-08-14,37.6,21.5,3.1
2019-08-15,27.1,18.8,0.0
2019-08-16,29.7,14.7,0.0
2019-08-17,29.8,14.1,0.0
2019-08-18,33.6,13.1,0.0
2019-08-19,36.0,15.5,0.0
2019-08-20,37.0,18.6,0.0
2019-08-21,37.0,21.6,0.0
2019-08-22,36.8,17.8,0.0
2019-08-23,36.7,19.1,0.0
2019-08-24,36.4,20.3,0.0
2019-08-25,37.3,19.8,0.5
2019-08-26,37.0,19.9,0.3
2019-08-27,35.8,19.6,0.0
2019-08-28,36.0,18.5,0.0
2019-08-29,36.3,19.8,0.0
2019-08-30,35.8,18.8,0.0
2019-08-31,34.7,17.8,0.0
2019-09-01,35.3,15.7,0.0
2019-09-02,35.9,18.0,0.0
2019-09-03,33.7,18.4,0.0
2019-09-04,29.4,17.9,0.0
2019-09-05,32.8,13.6,0.0
2019-09-06,32.7,16.7,0.0
2019-09-07,28.6,20.1,3.4
2019-09-08,31.5,17.8,1.0
2019-09-09,31.2,20.6,0.0
2019-09-10,31.7,17.6,0.0
2019-09-11,31.2,17.7,0.0
2019-09-12,29.5,14.6,0.0
2019-09-13,30.1,16.4,0.0
2019-09-14,30.2,13.9,0.0
2019-09-15,30.9,14.4,0.0
2019-09-16,33.2,11.9,0.0
2019-09-17,35.0,12.5,0.0
2019-09-18,30.0,13.9,0.0
2019-09-19,22.4,12.0,2.4
2019-09-20,21.2,10.3,3.2
2019-09-21,23.9,5.5,0.0
2019-09-22,27.8,7.8,0.0
2019-09-23,22.9,15.3,3.3
2019-09-24,22.7,15.3,2.2
2019-09-25,26.5,15.8,0.0
2019-09-26,29.2,16.2,0.0
2019-09-27,26.1,15.6,0.0
2019-09-28,30.5,11.5,0.0
2019-09-29,32.3,13.5,0.0
2019-09-30,31.6,14.2,0.0
2019-10-01,30.3,15.9,0.0
2019-10-02,31.9,16.9,0.0
2019-10-03,25.9,13.0,5.2
2019-10-04,15.5,12.1,0.5
2019-10-05,21.4,10.4,0.0
2019-10-06,19.1,9.4,0.0
2019-10-07,19.1,7.8,0.0
2019-10-08,19.9,11.1,0.0
2019-10-09,26.2,9.1,0.0
2019-10-10,27.7,10.5,0.0
2019-10-11,24.1,13.0,0.3
2019-10-12,27.7,10.0,0.0
2019-10-13,28.6,13.8,0.0
2019-10-14,29.2,12.7,0.0
2019-10-15,29.5,12.6,0.0
2019-10-16,29.1,12.4,0.0
2019-10-17,28.8,9.1,0.0
2019-10-18,27.5,12.2,0.0
2019-10-19,27.3,14.6,0.0
2019-10-20,28.0,12.2,0.0
2019-10-21,28.7,12.3,0.0
2019-10-22,28.6,8.1,0.0
2019-10-23,28.1,9.8,0.0
2019-10-24,27.2,8.9,0.0
2019-10-25,27.3,9.3,0.0
2019-10-26,26.5,6.1,0.0
2019-10-27,27.0,3.9,0.0
2019-10-28,26.6,3.8,0.0
2019-10-29,24.7,6.2,0.0
2019-10-30,20.3,5.6,0.0
2019-10-31,12.1,9.3,0.9
2019-11-01,14.6,8.9,0.0
2019-11-02,15.9,11.2,0.1
2019-11-03,19.3,12.6,0.0
2019-11-04,19.4,11.7,4.5
2019-11-05,24.2,9.0,0.0
2019-11-06,23.0,11.9,0.0
2019-11-07,18.4,13.6,6.7
2019-11-08,19.3,12.2,2.1
2019-11-09,18.6,10.0,0.0
2019-11-10,19.8,8.9,10.7
2019-11-11,17.8,5.5,0.0
2019-11-12,18.6,9.9,8.8
2019-11-13,19.2,12.7,1.8
2019-11-14,17.9,11.7,0.0
2019-11-15,19.1,7.9,0.0
2019-11-16,18.9,10.7,0.0
2019-11-17,17.9,9.6,0.0
2019-11-18,20.1,10.9,0.8
2019-11-19,16.5,9.1,0.0
2019-11-20,16.7,11.8,15.2
2019-11-21,16.0,8.6,0.0
2019-11-22,15.2,7.5,0.0
2019-11-23,15.4,8.3,0.0
2019-11-24,13.7,8.1,0.0
2019-11-25,14.0,9.5,5.6
2019-11-26,13.0,9.5,4.3
2019-11-27,15.5,5.6,0.0
2019-11-28,18.3,10.2,1.0
2019-11-29,18.5,8.9,1.5
2019-11-30,12.5,3.3,2.4
2019-12-01,9.1,-0.5,0.0
2019-12-02,7.9,-0.8,0.3
2019-12-03,5.2,1.9,6.8
2019-12-04,6.0,1.9,0.0
2019-12-05,8.5,0.9,0.0
2019-12-06,9.7,0.9,0.3
2019-12-07,11.2,4.0,6.3
2019-12-08,12.9,6.5,0.0
2019-12-09,9.3,2.4,0.0
2019-12-10,8.7,5.1,8.3
2019-12-11,8.0,6.2,7.5
2019-12-12,9.8,4.2,0.0
2019-12-13,11.6,5.4,0.0
2019-12-14,12.5,5.8,4.7
2019-12-15,13.2,3.0,0.0
2019-12-16,12.3,1.6,0.0
2019-12-17,13.2,3.4,0.0
2019-12-18,13.3,2.9,0.0
2019-12-19,11.1,4.8,0.0
2019-12-20,10.8,5.1,0.5
2019-12-21,14.4,7.3,1.5
2019-12-22,14.9,9.7,9.0
2019-12-23,11.4,6.6,2.7
2019-12-24,9.7,5.8,2.9
2019-12-25,10.6,2.8,0.0
2019-12-26,9.7,4.7,0.0
2019-12-27,8.1,2.1,0.0
2019-12-28,5.5,1.5,0.2
2019-12-29,3.0,1.1,0.0
2019-12-30,3.9,-1.2,0.1
2019-12-31,6.3,-6.9,0.0
2020-01-01,8.1,0.6,0.0
2020-01-02,7.0,-1.1,0.0
2020-01-03,10.1,-3.7,0.0
2020-01-04,10.7,-4.1,0.0
2020-01-05,6.4,2.7,1.0
2020-01-06,3.9,0.3,0.0
2020-01-07,5.7,-2.7,0.0
2020-01-08,6.7,-5.5,0.0
2020-01-09,8.8,-4.9,0.0
2020-01-10,12.0,-2.3,0.0
2020-01-11,9.4,-1.3,2.3
2020-01-12,6.6,3.2,2.5
2020-01-13,6.9,-0.3,0.0
2020-01-14,6.2,-2.8,0.0
2020-01-15,7.8,-3.5,0.0
2020-01-16,9.8,-2.6,0.0
2020-01-17,8.2,-2.8,0.0
2020-01-18,7.2,-0.6,0.0
2020-01-19,5.6,2.3,0.0
2020-01-20,4.3,-0.0,0.0
2020-01-21,6.6,-4.0,0.0
2020-01-22,11.7,-3.1,0.0
2020-01-23,8.8,-3.1,0.0
2020-01-24,10.2,-4.4,0.0
2020-01-25,13.6,-1.2,0.0
2020-01-26,11.6,3.0,0.1
2020-01-27,11.5,7.5,1.8
2020-01-28,13.6,4.5,0.0
2020-01-29,10.9,6.1,2.0
2020-01-30,11.0,2.5,2.0
2020-01-31,14.2,-0.4,0.0
2020-02-01,18.3,3.0,0.0
2020-02-02,18.4,4.0,0.0
2020-02-03,19.3,3.3,0.0
2020-02-04,18.0,7.1,1.5
2020-02-05,5.6,3.4,17.1
2020-02-06,3.8,-3.3,3.7
2020-02-07,7.4,-4.6,0.0
2020-02-08,9.8,0.7,0.0
2020-02-09,12.6,-0.5,0.0
2020-02-10,12.7,0.5,0.0
2020-02-11,17.5,4.9,0.1
2020-02-12,13.6,5.4,0.2
2020-02-13,14.7,1.2,0.0
2020-02-14,11.2,2.7,6.1
2020-02-15,12.2,2.9,0.6
2020-02-16,15.0,0.1,0.0
2020-02-17,16.7,1.2,0.0
2020-02-18,18.3,2.8,0.0
2020-02-19,14.2,5.3,0.6
2020-02-20,8.3,4.9,5.1
2020-02-21,12.8,2.1,0.0
2020-02-22,9.6,0.8,0.5
2020-02-23,16.1,-0.8,0.0
2020-02-24,18.5,2.2,0.0
2020-02-25,19.4,2.4,0.0
2020-02-26,21.2,6.4,0.0
2020-02-27,11.8,3.5,3.4
2020-02-28,11.4,1.2,4.4
2020-02-29,12.5,2.3,0.0
2020-03-01,16.4,1.0,0.0
2020-03-02,22.1,6.6,0.0
2020-03-03,21.3,9.7,0.2
2020-03-04,15.0,8.1,16.1
2020-03-05,13.9,6.5,0.0
2020-03-06,16.2,2.4,0.0
2020-03-07,14.1,9.3,20.2
2020-03-08,10.1,6.0,7.4
2020-03-09,10.9,6.0,0.7
2020-03-10,10.8,5.8,3.6
2020-03-11,17.6,3.5,0.0
2020-03-12,23.5,4.8,0.0
2020-03-13,26.2,7.1,0.0
2020-03-14,18.5,9.6,0.7
2020-03-15,8.8,5.9,15.4
2020-03-16,14.3,4.1,1.1
2020-03-17,19.0,1.1,0.0
2020-03-18,17.9,2.7,0.0
2020-03-19,19.4,1.1,0.0
2020-03-20,23.2,2.3,0.0
2020-03-21,24.6,5.1,0.0
2020-03-22,15.4,6.0,0.1
2020-03-23,4.8,0.4,8.0
2020-03-24,2.9,-0.5,12.1
2020-03-25,5.8,1.0,8.6
2020-03-26,9.5,4.4,2.7
2020-03-27,15.0,6.3,1.1
2020-03-28,13.7,8.4,3.0
2020-03-29,18.5,3.6,0.0
2020-03-30,18.3,3.2,0.0
2020-03-31,12.3,4.0,0.0
2020-04-01,3.1,1.0,23.6
2020-04-02,10.0,0.3,1.3
2020-04-03,13.0,-2.2,0.2
2020-04-04,11.4,7.3,11.2
2020-04-05,11.2,9.7,12.5
2020-04-06,17.9,8.2,0.0
2020-04-07,19.6,5.0,0.0
2020-04-08,21.0,3.0,0.0
2020-04-09,23.3,2.3,0.0
2020-04-10,25.3,3.1,0.0
2020-04-11,24.4,5.0,0.0
2020-04-12,24.2,6.2,0.0
2020-04-13,25.7,10.1,0.0
2020-04-14,20.7,7.9,5.6
2020-04-15,13.3,5.0,2.2
2020-04-16,22.3,1.0,0.0
2020-04-17,27.6,6.5,0.0
2020-04-18,29.3,7.2,0.0
2020-04-19,29.7,10.1,0.0
2020-04-20,23.5,12.9,0.1
2020-04-21,14.7,10.8,22.8
2020-04-22,12.6,8.8,10.0
2020-04-23,18.0,7.7,0.0
2020-04-24,22.6,3.8,0.0
2020-04-25,25.8,4.9,0.0
2020-04-26,23.7,9.8,0.0
2020-04-27,25.1,10.2,0.0
2020-04-28,27.1,9.8,0.0
2020-04-29,23.7,12.2,2.3
2020-04-30,23.9,12.1,0.5
2020-05-01,25.2,10.3,2.1
2020-05-02,18.9,10.8,4.6
2020-05-03,20.2,11.4,0.8
2020-05-04,20.4,9.7,0.0
2020-05-05,27.0,5.1,0.0
2020-05-06,18.3,8.6,6.1
2020-05-07,19.3,4.8,0.0
2020-05-08,25.4,5.0,0.0
2020-05-09,30.0,8.0,0.0
2020-05-10,29.2,10.6,0.2
2020-05-11,31.7,15.3,0.0
2020-05-12,30.2,16.0,0.0
2020-05-13,32.1,13.8,0.0
2020-05-14,34.9,18.2,0.0
2020-05-15,38.0,19.6,0.0
2020-05-16,31.5,16.8,0.0
2020-05-17,36.3,19.0,0.2
2020-05-18,31.5,19.2,0.0
2020-05-19,33.3,20.4,0.5
2020-05-20,33.5,18.8,0.9
2020-05-21,18.8,14.4,8.5
2020-05-22,23.9,11.0,0.0
2020-05-23,23.9,7.7,0.0
2020-05-24,27.5,13.5,2.8
2020-05-25,21.2,13.5,0.3
2020-05-26,18.0,11.5,1.4
2020-05-27,19.1,12.5,0.1
2020-05-28,20.6,11.8,1.9
2020-05-29,21.5,10.4,1.7
2020-05-30,23.0,9.9,0.9
2020-05-31,20.3,11.6,0.7
2020-06-01,21.8,13.6,0.0
2020-06-02,22.2,12.4,0.3
2020-06-03,24.1,9.4,0.0
2020-06-04,29.0,12.3,0.0
2020-06-05,30.4,15.4,0.0
2020-06-06,24.8,18.2,0.9
2020-06-07,30.1,15.9,0.0
2020-06-08,28.7,15.0,0.0
2020-06-09,30.8,15.5,3.6
2020-06-10,29.3,16.0,4.2
2020-06-11,24.8,16.3,3.9
2020-06-12,26.7,13.2,0.2
2020-06-13,29.3,17.0,0.0
2020-06-14,32.6,18.3,0.0
2020-06-15,31.8,16.0,0.1
2020-06-16,27.8,18.5,2.2
2020-06-17,26.2,18.3,3.1
2020-06-18,31.0,17.7,0.0
2020-06-19,32.2,17.4,0.0
2020-06-20,30.0,17.3,0.0
2020-06-21,26.7,17.3,0.7
2020-06-22,26.6,17.9,1.5
2020-06-23,23.5,18.7,31.6
2020-06-24,27.6,19.8,0.0
2020-06-25,31.6,15.9,0.3
2020-06-26,33.9,16.4,0.0
2020-06-27,34.4,20.2,0.0
2020-06-28,35.3,18.3,0.2
2020-06-29,36.3,17.4,0.0
2020-06-30,33.9,20.8,0.0
2020-07-01,38.2,17.4,0.0
2020-07-02,37.9,24.5,3.7
2020-07-03,36.5,21.7,0.5
2020-07-04,32.8,21.3,0.0
2020-07-05,32.4,20.6,0.6
2020-07-06,31.4,20.4,1.3
2020-07-07,25.0,18.3,0.6
2020-07-08,29.0,14.5,0.0
2020-07-09,33.4,13.2,0.0
2020-07-10,34.6,16.0,0.0
2020-07-11,37.2,21.6,0.1
2020-07-12,30.0,19.5,0.0
2020-07-13,26.9,17.5,0.0
2020-07-14,30.5,12.6,0.0
2020-07-15,33.3,18.7,0.2
2020-07-16,32.6,19.1,0.0
2020-07-17,31.8,17.6,0.3
2020-07-18,25.2,18.3,5.5
2020-07-19,30.2,17.7,0.1
2020-07-20,31.3,15.0,0.0
2020-07-21,33.4,16.1,0.0
2020-07-22,35.4,17.4,0.0
2020-07-23,35.7,18.3,0.0
2020-07-24,35.8,20.1,0.0
2020-07-25,35.7,23.1,2.0
2020-07-26,31.4,19.6,2.0
2020-07-27,32.4,17.9,0.0
2020-07-28,35.3,18.1,0.0
2020-07-29,38.9,17.2,0.0
2020-07-30,40.0,19.2,0.0
2020-07-31,39.3,21.0,1.3
2020-08-01,34.6,23.3,0.2
2020-08-02,34.1,18.7,0.0
2020-08-03,36.8,18.4,0.0
2020-08-04,37.4,22.3,0.4
2020-08-05,28.3,20.0,25.8
2020-08-06,22.5,18.8,22.9
2020-08-07,23.4,17.4,10.0
2020-08-08,27.4,19.6,11.3
2020-08-09,31.0,19.3,2.1
2020-08-10,32.9,17.6,0.0
2020-08-11,33.4,16.8,0.0
2020-08-12,33.2,18.2,1.7
2020-08-13,33.8,18.8,0.0
2020-08-14,35.3,18.8,0.2
2020-08-15,31.6,20.0,19.2
2020-08-16,29.7,20.0,8.3
2020-08-17,31.1,19.6,0.6
2020-08-18,31.8,18.9,3.1
2020-08-19,28.0,18.8,1.2
2020-08-20,28.7,15.5,0.0
2020-08-21,31.7,16.4,0.0
2020-08-22,33.9,15.2,0.0
2020-08-23,34.4,16.6,0.0
2020-08-24,32.2,19.4,2.2
2020-08-25,29.3,18.1,12.0
2020-08-26,30.1,15.9,0.0
2020-08-27,32.4,14.3,0.0
2020-08-28,33.9,14.9,0.0
2020-08-29,34.9,21.0,0.0
2020-08-30,35.5,19.1,0.0
2020-08-31,36.8,17.3,0.0
2020-09-01,34.9,18.8,0.0
2020-09-02,28.6,18.7,0.0
2020-09-03,28.8,16.7,0.0
2020-09-04,27.1,16.9,0.0
2020-09-05,29.8,12.0,0.0
2020-09-06,32.5,11.7,0.0
2020-09-07,33.8,18.7,0.0
2020-09-08,31.0,19.0,0.0
2020-09-09,32.8,16.8,0.0
2020-09-10,33.8,15.6,0.0
2020-09-11,32.9,16.0,0.0
2020-09-12,34.0,15.4,0.0
2020-09-13,33.2,15.6,0.0
2020-09-14,32.9,16.2,0.0
2020-09-15,32.4,17.0,0.0
2020-09-16,32.8,15.1,0.0
2020-09-17,32.2,19.5,0.0
2020-09-18,29.0,19.3,0.3
2020-09-19,28.7,17.4,0.0
2020-09-20,29.9,13.3,0.0
2020-09-21,29.4,14.5,0.0
2020-09-22,29.5,17.2,0.0
2020-09-23,27.8,18.2,0.6
2020-09-24,27.5,16.4,0.6
2020-09-25,29.4,14.4,0.0
2020-09-26,23.0,13.8,7.1
2020-09-27,25.4,9.7,0.0
2020-09-28,26.5,16.7,6.8
2020-09-29,22.3,14.0,1.8
2020-09-30,21.0,12.4,0.1
2020-10-01,22.8,10.2,0.0
2020-10-02,27.8,9.4,0.0
2020-10-03,29.4,14.5,0.0
2020-10-04,31.0,17.2,0.0
2020-10-05,33.4,18.4,0.0
2020-10-06,23.7,17.1,0.8
2020-10-07,23.9,13.5,1.6
2020-10-08,17.7,14.9,1.5
2020-10-09,22.0,11.9,0.0
2020-10-10,24.7,7.9,0.0
2020-10-11,25.4,9.5,0.0
2020-10-12,24.0,13.7,1.0
2020-10-13,20.3,13.6,30.6
2020-10-14,22.6,12.3,0.0
2020-10-15,23.5,13.0,3.2
2020-10-16,20.5,13.6,10.0
2020-10-17,20.8,9.4,1.8
2020-10-18,17.4,8.4,0.0
2020-10-19,17.5,3.6,0.0
2020-10-20,18.8,3.2,0.0
2020-10-21,20.3,3.4,0.0
2020-10-22,21.6,4.2,0.0
2020-10-23,22.9,4.3,0.0
2020-10-24,20.8,6.6,0.0
2020-10-25,16.6,9.7,5.0
2020-10-26,20.1,6.6,0.0
2020-10-27,19.9,6.5,0.0
2020-10-28,18.5,8.6,0.0
2020-10-29,19.8,8.2,0.0
2020-10-30,18.5,8.4,0.1
2020-10-31,19.9,5.9,0.0
2020-11-01,19.9,9.4,0.0
2020-11-02,19.7,6.3,0.0
2020-11-03,21.7,11.7,0.0
2020-11-04,22.0,11.9,0.0
2020-11-05,18.3,11.3,1.2
2020-11-06,17.2,9.8,0.0
2020-11-07,15.8,5.9,0.0
2020-11-08,16.7,2.6,0.0
2020-11-09,16.5,1.6,0.0
2020-11-10,14.7,3.6,0.0
2020-11-11,15.2,5.1,0.0
2020-11-12,16.7,3.4,0.0
2020-11-13,15.6,3.6,0.0
2020-11-14,16.5,2.8,0.0
2020-11-15,15.2,2.7,0.0
2020-11-16,16.2,4.7,0.0
2020-11-17,16.6,5.7,0.0
2020-11-18,13.9,9.1,0.0
2020-11-19,15.6,5.3,0.0
2020-11-20,12.3,0.5,0.0
2020-11-21,8.3,4.3,0.0
2020-11-22,10.9,2.0,0.0
2020-11-23,12.6,0.8,0.0
2020-11-24,10.7,0.7,0.0
2020-11-25,10.1,-0.4,0.0
2020-11-26,11.0,-2.1,0.0
2020-11-27,12.5,0.5,0.0
2020-11-28,12.6,-1.6,0.0
2020-11-29,11.2,1.2,0.6
2020-11-30,5.4,-0.9,2.8
2020-12-01,5.7,-3.4,0.0
2020-12-02,7.5,0.7,0.0
2020-12-03,8.5,3.7,0.4
2020-12-04,11.3,8.6,0.0
2020-12-05,14.3,6.6,0.0
2020-12-06,13.1,5.7,1.1
2020-12-07,11.8,9.2,15.4
2020-12-08,11.3,7.3,0.0
2020-12-09,10.8,6.8,9.5
2020-12-10,13.0,6.6,1.7
2020-12-11,10.6,0.9,1.7
2020-12-12,10.8,6.6,2.5
2020-12-13,9.8,8.1,0.4
2020-12-14,8.6,6.0,0.2
2020-12-15,10.8,5.1,0.0
2020-12-16,7.9,3.8,0.0
2020-12-17,9.9,3.5,0.0
2020-12-18,8.8,1.8,0.0
2020-12-19,6.8,2.9,0.0
2020-12-20,7.0,3.4,0.0
2020-12-21,8.4,3.0,0.0
2020-12-22,9.9,1.6,0.0
2020-12-23,14.0,3.5,0.0
2020-12-24,12.0,2.7,0.0
2020-12-25,13.7,5.5,0.0
2020-12-26,12.8,4.7,4.2
2020-12-27,8.0,3.8,7.3
2020-12-28,13.9,2.7,0.0
2020-12-29,15.5,8.4,1.4
2020-12-30,17.3,8.9,0.0
2020-12-31,14.9,5.0,1.8
2021-01-01,12.9,3.0,0.0
2021-01-02,11.3,0.8,0.0
2021-01-03,13.7,7.3,3.0
2021-01-04,10.5,7.8,24.2
2021-01-05,13.0,2.7,0.7
2021-01-06,13.2,5.0,1.4
2021-01-07,9.9,7.7,13.8
2021-01-08,14.6,8.0,15.0
2021-01-09,6.3,3.7,8.7
2021-01-10,5.4,3.5,16.2
2021-01-11,8.4,3.9,19.1
2021-01-12,5.9,2.3,0.0
2021-01-13,7.4,1.0,0.6
2021-01-14,4.7,-0.9,5.0
2021-01-15,3.7,-0.3,0.1
2021-01-16,2.2,-2.3,0.0
2021-01-17,2.6,-6.5,0.5
2021-01-18,2.5,-2.7,0.4
2021-01-19,5.7,-3.5,0.0
2021-01-20,8.2,-2.5,0.0
2021-01-21,11.0,1.0,0.0
2021-01-22,12.5,4.7,0.0
2021-01-23,12.7,6.6,5.5
2021-01-24,12.7,4.2,2.1
2021-01-25,13.5,6.0,5.8
2021-01-26,6.8,1.5,13.5
2021-01-27,4.6,-0.2,0.2
2021-01-28,6.9,-2.2,0.0
2021-01-29,11.3,1.1,1.1
2021-01-30,14.5,6.0,6.1
2021-01-31,12.3,3.6,8.8
2021-02-01,14.2,7.5,4.4
2021-02-02,13.9,5.8,0.5
2021-02-03,16.5,2.6,0.0
2021-02-04,18.2,3.3,0.0
2021-02-05,18.6,4.0,0.0
2021-02-06,19.6,5.2,0.0
2021-02-07,15.3,5.8,0.0
2021-02-08,13.5,8.4,1.8
2021-02-09,14.2,6.1,5.3
2021-02-10,17.6,5.7,0.7
2021-02-11,11.9,2.6,11.5
2021-02-12,3.7,-2.9,0.0
2021-02-13,-3.5,-6.3,5.8
2021-02-14,-2.8,-7.1,11.5
2021-02-15,1.5,-11.3,0.0
2021-02-16,5.7,-11.7,0.0
2021-02-17,7.1,-6.6,0.0
2021-02-18,12.7,0.4,0.0
2021-02-19,12.5,-1.9,0.0
2021-02-20,12.0,4.0,2.1
2021-02-21,13.4,3.5,0.2
2021-02-22,16.7,1.8,0.0
2021-02-23,21.3,0.8,0.0
2021-02-24,18.1,2.1,0.0
2021-02-25,20.5,2.6,0.0
2021-02-26,21.2,3.6,0.0
2021-02-27,19.7,3.3,0.0
2021-02-28,13.7,4.4,0.0
2021-03-01,13.9,-1.6,0.0
2021-03-02,14.7,-0.5,0.0
2021-03-03,18.6,-0.6,0.0
2021-03-04,21.3,-0.2,0.0
2021-03-05,19.8,1.0,0.0
2021-03-06,8.7,1.3,1.0
2021-03-07,12.7,-1.1,0.0
2021-03-08,12.8,1.2,0.2
2021-03-09,11.0,4.4,0.4
2021-03-10,9.0,3.1,14.1
2021-03-11,9.7,2.9,0.0
2021-03-12,13.6,0.6,0.0
2021-03-13,16.9,6.3,0.0
2021-03-14,19.4,4.9,0.0
2021-03-15,11.0,5.0,9.3
2021-03-16,9.3,5.1,0.1
2021-03-17,9.3,4.4,0.0
2021-03-18,10.9,2.9,0.7
2021-03-19,10.9,2.1,1.2
2021-03-20,5.6,2.8,7.1
2021-03-21,3.3,1.7,21.0
2021-03-22,4.6,1.6,10.0
2021-03-23,6.1,2.4,0.0
2021-03-24,6.7,-0.1,2.9
2021-03-25,9.3,-5.4,0.0
2021-03-26,13.1,-4.1,0.0
2021-03-27,17.9,-3.3,0.0
2021-03-28,17.5,1.2,0.1
2021-03-29,18.4,4.2,0.1
2021-03-30,18.5,6.3,0.0
2021-03-31,19.1,5.2,0.0
2021-04-01,21.8,5.7,0.0
2021-04-02,22.6,6.3,0.9
2021-04-03,22.8,8.9,4.6
2021-04-04,7.4,4.5,7.9
2021-04-05,13.6,1.6,0.0
2021-04-06,19.7,4.1,0.0
2021-04-07,12.1,3.1,2.6
2021-04-08,10.1,3.1,0.3
2021-04-09,14.4,-0.0,0.0
2021-04-10,18.9,1.3,0.0
2021-04-11,21.2,2.6,0.0
2021-04-12,25.2,10.5,0.0
2021-04-13,19.7,12.9,0.0
2021-04-14,13.8,8.0,0.7
2021-04-15,12.6,5.0,0.0
2021-04-16,14.3,3.3,1.1
2021-04-17,8.2,5.6,16.6
2021-04-18,14.8,7.4,6.1
2021-04-19,10.4,7.6,7.0
2021-04-20,15.4,7.1,0.6
2021-04-21,18.0,5.3,0.2
2021-04-22,20.4,4.6,2.9
2021-04-23,14.1,10.5,5.1
2021-04-24,15.8,8.5,0.0
2021-04-25,22.5,4.3,0.0
2021-04-26,24.0,5.2,0.2
2021-04-27,24.2,11.5,2.1
2021-04-28,25.1,12.2,1.1
2021-04-29,29.2,9.7,0.0
2021-04-30,32.5,13.4,0.0
2021-05-01,27.7,17.1,0.4
2021-05-02,31.7,16.5,0.0
2021-05-03,25.6,13.4,0.0
2021-05-04,27.2,10.8,0.0
2021-05-05,26.4,17.0,0.2
2021-05-06,28.0,11.4,0.0
2021-05-07,28.0,11.4,0.0
2021-05-08,21.2,11.8,0.0
2021-05-09,26.2,6.5,0.0
2021-05-10,29.0,10.9,0.0
2021-05-11,31.3,14.3,0.0
2021-05-12,27.5,15.1,2.6
2021-05-13,23.6,11.4,0.7
2021-05-14,23.7,11.9,0.0
2021-05-15,18.3,12.1,3.7
2021-05-16,24.2,9.9,0.0
2021-05-17,26.2,12.7,0.0
2021-05-18,24.8,15.1,2.0
2021-05-19,28.7,9.9,0.0
2021-05-20,20.8,12.5,11.2
2021-05-21,22.4,11.0,0.0
2021-05-22,28.8,10.4,0.0
2021-05-23,32.9,11.7,0.0
2021-05-24,32.7,16.3,0.0
2021-05-25,34.7,19.9,0.0
2021-05-26,29.6,16.7,0.0
2021-05-27,29.9,15.4,3.1
2021-05-28,21.9,14.7,4.7
2021-05-29,25.2,10.6,0.0
2021-05-30,20.0,12.4,4.2
2021-05-31,19.5,11.7,0.0
2021-06-01,18.5,10.1,0.0
2021-06-02,24.7,8.8,0.0
2021-06-03,26.6,8.6,0.0
2021-06-04,26.9,8.9,0.0
2021-06-05,30.5,10.5,0.0
2021-06-06,31.3,14.7,0.5
2021-06-07,23.6,17.4,9.8
2021-06-08,27.6,16.9,0.0
2021-06-09,30.1,14.1,1.2
2021-06-10,28.7,14.3,0.1
2021-06-11,26.3,14.6,0.4
2021-06-12,27.1,14.6,1.3
2021-06-13,26.2,13.3,1.3
2021-06-14,22.8,14.0,0.4
2021-06-15,24.3,11.4,0.0
2021-06-16,29.1,15.8,0.2
2021-06-17,31.5,15.2,0.6
2021-06-18,30.6,16.1,0.0
2021-06-19,29.6,18.7,2.0
2021-06-20,31.6,18.6,0.2
2021-06-21,35.0,18.2,0.0
2021-06-22,39.2,21.2,0.0
2021-06-23,39.9,21.7,0.0
2021-06-24,40.3,21.2,0.2
2021-06-25,39.0,22.2,2.5
2021-06-26,38.4,21.1,3.0
2021-06-27,33.9,20.4,0.0
2021-06-28,36.8,18.4,0.0
2021-06-29,39.6,21.3,0.0
2021-06-30,40.8,22.2,1.1
2021-07-01,37.8,22.1,0.0
2021-07-02,30.4,21.3,0.7
2021-07-03,28.4,18.1,0.0
2021-07-04,31.3,14.7,0.1
2021-07-05,32.0,19.8,0.6
2021-07-06,34.6,20.2,0.0
2021-07-07,37.5,17.5,0.0
2021-07-08,38.9,19.3,0.0
2021-07-09,38.7,23.3,0.0
2021-07-10,36.1,21.8,2.1
2021-07-11,33.5,20.3,2.1
2021-07-12,35.7,20.6,0.0
2021-07-13,39.1,20.2,0.0
2021-07-14,40.5,25.1,0.0
2021-07-15,40.4,24.8,0.0
2021-07-16,37.0,24.7,4.1
2021-07-17,32.6,20.9,4.7
2021-07-18,28.6,20.6,5.6
2021-07-19,29.2,19.2,4.8
2021-07-20,30.6,19.6,0.0
2021-07-21,30.4,19.8,0.0
2021-07-22,30.6,16.2,0.0
2021-07-23,32.0,15.6,0.0
2021-07-24,32.3,16.4,0.0
2021-07-25,35.5,16.1,0.0
2021-07-26,37.9,21.8,0.0
2021-07-27,40.1,23.2,0.0
2021-07-28,40.6,23.6,0.3
2021-07-29,41.4,20.8,0.0
2021-07-30,41.7,20.7,0.0
2021-07-31,40.7,21.2,0.0
2021-08-01,42.1,22.3,0.0
2021-08-02,41.0,23.2,0.0
2021-08-03,37.8,21.0,0.0
2021-08-04,39.6,20.2,0.0
2021-08-05,40.4,22.1,0.0
2021-08-06,31.9,22.6,0.6
2021-08-07,34.9,16.9,0.0
2021-08-08,39.1,19.3,0.0
2021-08-09,39.8,21.9,0.0
2021-08-10,40.0,19.9,0.0
2021-08-11,37.5,22.0,0.7
2021-08-12,35.7,18.9,0.0
2021-08-13,35.9,18.9,0.0
2021-08-14,36.2,18.6,0.0
2021-08-15,36.8,17.5,0.0
2021-08-16,38.7,20.9,0.0
2021-08-17,39.1,23.2,1.0
2021-08-18,30.6,19.7,0.0
2021-08-19,31.3,16.8,0.0
2021-08-20,34.2,15.7,0.0
2021-08-21,30.9,20.7,0.2
2021-08-22,33.7,15.6,0.0
2021-08-23,35.3,15.8,0.0
2021-08-24,34.1,20.4,0.0
2021-08-25,32.4,18.7,2.4
2021-08-26,27.1,17.5,1.0
2021-08-27,33.1,18.4,0.0
2021-08-28,32.2,17.4,0.4
2021-08-29,28.0,19.3,0.1
2021-08-30,30.3,14.8,0.0
2021-08-31,32.4,12.8,0.0
2021-09-01,27.0,14.9,0.2
2021-09-02,26.2,14.6,0.0
2021-09-03,28.5,11.2,0.0
2021-09-04,30.8,12.2,0.0
2021-09-05,28.4,13.6,0.0
2021-09-06,27.5,17.1,0.0
2021-09-07,27.7,12.0,0.0
2021-09-08,25.0,14.6,0.2
2021-09-09,23.9,15.8,0.1
2021-09-10,29.2,15.3,0.0
2021-09-11,31.0,11.7,0.0
2021-09-12,29.8,12.2,0.0
2021-09-13,31.4,12.2,0.0
2021-09-14,31.6,12.1,0.0
2021-09-15,32.9,11.9,0.0
2021-09-16,33.3,13.3,0.0
2021-09-17,32.9,20.7,0.0
2021-09-18,26.2,18.0,0.2
2021-09-19,29.5,16.9,0.0
2021-09-20,31.0,17.3,1.6
2021-09-21,24.1,15.0,0.0
2021-09-22,15.5,9.6,0.2
2021-09-23,20.2,9.1,0.0
2021-09-24,26.7,6.1,0.0
2021-09-25,30.1,7.8,0.0
2021-09-26,32.5,10.3,0.0
2021-09-27,33.3,14.6,0.0
2021-09-28,26.4,17.4,1.2
2021-09-29,25.1,15.2,0.0
2021-09-30,18.5,15.7,18.1
2021-10-01,20.1,12.8,3.0
2021-10-02,22.7,7.8,0.0
2021-10-03,23.7,9.6,0.0
2021-10-04,25.7,10.1,0.0
2021-10-05,26.3,9.8,0.0
2021-10-06,22.2,14.0,0.0
2021-10-07,15.3,13.4,22.9
2021-10-08,15.0,13.1,15.9
2021-10-09,12.6,10.0,12.7
2021-10-10,14.1,11.1,11.2
2021-10-11,17.9,12.0,16.8
2021-10-12,12.9,10.1,0.3
2021-10-13,13.9,8.0,0.6
2021-10-14,10.0,6.4,19.5
2021-10-15,9.3,6.6,12.4
2021-10-16,12.2,9.2,3.2
2021-10-17,16.1,10.7,0.0
2021-10-18,19.2,9.1,0.0
2021-10-19,18.7,7.5,0.0
2021-10-20,19.7,5.4,0.0
2021-10-21,20.9,7.9,0.0
2021-10-22,20.8,9.2,0.0
2021-10-23,20.4,11.0,1.5
2021-10-24,14.5,5.5,0.7
2021-10-25,15.6,5.4,0.0
2021-10-26,16.2,3.6,0.0
2021-10-27,16.2,2.9,0.0
2021-10-28,17.1,1.3,0.0
2021-10-29,18.4,3.8,0.0
2021-10-30,18.6,4.9,0.0
2021-10-31,18.3,4.4,0.0
2021-11-01,18.0,4.6,0.0
2021-11-02,14.6,8.7,6.7
2021-11-03,17.8,9.0,0.3
2021-11-04,22.5,11.3,0.0
2021-11-05,22.8,13.1,0.0
2021-11-06,19.5,11.5,0.4
2021-11-07,21.3,11.7,0.0
2021-11-08,19.5,10.9,0.0
2021-11-09,15.1,8.7,0.3
2021-11-10,13.0,5.3,0.0
2021-11-11,14.2,6.6,0.0
2021-11-12,15.6,5.8,0.0
2021-11-13,16.6,3.5,0.0
2021-11-14,15.5,4.6,0.0
2021-11-15,13.7,3.6,0.7
2021-11-16,12.9,7.8,0.0
2021-11-17,14.3,6.0,0.0
2021-11-18,13.4,8.6,0.0
2021-11-19,11.5,7.2,0.0
2021-11-20,16.3,6.9,0.0
2021-11-21,15.5,2.9,0.0
2021-11-22,12.5,3.9,0.0
2021-11-23,11.0,7.9,0.8
2021-11-24,10.7,6.4,0.0
2021-11-25,11.4,7.4,0.0
2021-11-26,10.2,7.5,4.9
2021-11-27,16.3,8.8,0.0
2021-11-28,17.8,7.7,11.1
2021-11-29,11.9,7.4,16.9
2021-11-30,7.3,0.4,3.5
2021-12-01,11.6,-2.2,0.0
2021-12-02,13.2,2.4,0.0
2021-12-03,14.2,7.0,3.2
2021-12-04,10.3,4.7,0.0
2021-12-05,11.7,3.8,0.0
2021-12-06,11.5,7.7,17.8
2021-12-07,6.8,3.5,15.4
2021-12-08,8.8,3.1,0.0
2021-12-09,10.1,1.9,4.4
2021-12-10,11.4,5.1,2.2
2021-12-11,6.5,4.1,27.3
2021-12-12,6.5,3.1,4.7
2021-12-13,4.7,1.3,1.2
2021-12-14,5.8,4.0,0.3
2021-12-15,5.6,2.0,0.0
2021-12-16,6.4,3.4,0.0
2021-12-17,9.2,3.8,0.2
2021-12-18,6.1,3.2,0.3
2021-12-19,6.6,1.2,0.0
2021-12-20,9.8,0.8,0.0
2021-12-21,6.2,-1.3,0.0
2021-12-22,4.6,-4.5,0.0
2021-12-23,4.5,-5.0,0.0
2021-12-24,9.8,-1.3,0.0
2021-12-25,12.7,2.1,0.0
2021-12-26,12.3,5.6,0.3
2021-12-27,12.0,7.5,1.2
2021-12-28,9.1,4.6,0.0
2021-12-29,9.3,5.0,2.5
2021-12-30,10.0,7.9,0.0
2021-12-31,12.3,2.1,0.0
2022-01-01,15.9,2.2,0.0
2022-01-02,16.3,7.5,0.0
2022-01-03,15.9,2.1,0.0
2022-01-04,14.0,2.4,0.0
2022-01-05,14.0,3.0,0.0
2022-01-06,14.3,5.5,1.1
2022-01-07,6.5,4.1,1.5
2022-01-08,7.6,4.1,1.6
2022-01-09,10.3,6.3,0.8
2022-01-10,7.0,1.5,18.7
2022-01-11,3.8,1.4,1.2
2022-01-12,2.8,-1.2,0.8
2022-01-13,0.5,-6.5,0.0
2022-01-14,6.3,-7.5,0.0
2022-01-15,8.8,-2.2,0.0
2022-01-16,7.8,-4.6,0.0
2022-01-17,7.9,-2.6,0.0
2022-01-18,8.6,1.3,0.1
2022-01-19,6.9,-1.6,0.0
2022-01-20,9.2,-3.0,0.0
2022-01-21,4.0,-1.1,4.9
2022-01-22,3.6,-6.7,0.7
2022-01-23,3.3,-3.0,0.4
2022-01-24,-0.3,-7.1,1.2
2022-01-25,1.6,-6.9,0.0
2022-01-26,4.2,-4.7,0.0
2022-01-27,6.7,1.0,0.0
2022-01-28,8.3,-1.5,0.6
2022-01-29,6.2,-0.6,0.2
2022-01-30,8.7,-1.7,0.8
2022-01-31,9.8,-0.3,0.2
2022-02-01,4.5,1.9,13.6
2022-02-02,6.0,-0.2,1.2
2022-02-03,7.4,0.0,0.1
2022-02-04,9.2,-6.3,0.0
2022-02-05,10.0,-5.0,0.0
2022-02-06,12.8,1.3,0.0
2022-02-07,9.8,0.2,5.7
2022-02-08,5.9,2.5,1.0
2022-02-09,9.2,0.5,0.0
2022-02-10,14.9,-0.8,0.0
2022-02-11,15.7,-0.7,0.0
2022-02-12,11.3,1.7,0.0
2022-02-13,10.5,4.3,0.1
2022-02-14,13.4,4.2,0.2
2022-02-15,14.1,2.7,0.0
2022-02-16,12.3,6.6,2.4
2022-02-17,16.6,5.0,0.0
2022-02-18,16.3,4.4,0.0
2022-02-19,19.6,1.9,0.0
2022-02-20,17.4,6.2,0.3
2022-02-21,18.3,6.8,0.0
2022-02-22,12.5,3.8,8.8
2022-02-23,11.8,6.4,0.0
2022-02-24,12.4,2.4,0.0
2022-02-25,14.7,-1.4,0.0
2022-02-26,13.1,0.6,0.1
2022-02-27,5.5,3.7,19.1
2022-02-28,6.5,2.5,0.9
2022-03-01,4.1,-3.1,1.3
2022-03-02,6.8,-4.7,0.0
2022-03-03,10.7,-5.7,0.0
2022-03-04,11.0,-3.9,0.0
2022-03-05,6.6,2.6,8.3
2022-03-06,5.1,2.5,16.1
2022-03-07,6.1,2.6,5.7
2022-03-08,4.3,-3.9,0.2
2022-03-09,5.4,-3.7,0.0
2022-03-10,5.7,-3.5,1.4
2022-03-11,4.2,-10.3,0.2
2022-03-12,6.6,-14.9,0.0
2022-03-13,9.1,-15.9,0.0
2022-03-14,12.5,-6.6,0.0
2022-03-15,16.2,-6.6,0.0
2022-03-16,17.1,1.0,0.0
2022-03-17,11.5,6.5,2.1
2022-03-18,10.1,2.7,0.3
2022-03-19,10.5,-1.5,0.0
2022-03-20,10.5,-0.6,0.0
2022-03-21,12.5,-2.3,0.0
2022-03-22,16.0,1.3,0.0
2022-03-23,17.7,5.4,0.0
2022-03-24,21.9,0.7,0.0
2022-03-25,21.6,1.9,0.0
2022-03-26,21.1,2.0,0.0
2022-03-27,22.8,1.3,0.0
2022-03-28,19.8,5.1,0.0
2022-03-29,21.1,9.8,0.0
2022-03-30,21.4,5.4,0.0
2022-03-31,21.0,13.2,3.4
2022-04-01,20.8,12.9,0.6
2022-04-02,17.4,9.4,0.9
2022-04-03,13.7,5.4,1.0
2022-04-04,12.0,4.8,0.5
2022-04-05,18.0,5.9,0.0
2022-04-06,23.2,4.0,0.0
2022-04-07,17.1,11.2,5.3
2022-04-08,25.3,7.1,0.0
2022-04-09,25.5,10.1,0.0
2022-04-10,13.6,5.2,9.0
2022-04-11,15.1,6.8,0.0
2022-04-12,20.6,1.1,0.0
2022-04-13,23.1,2.5,0.0
2022-04-14,24.9,3.8,0.0
2022-04-15,26.8,9.9,0.0
2022-04-16,22.7,9.9,0.0
2022-04-17,13.6,6.0,5.1
2022-04-18,11.8,5.8,0.6
2022-04-19,15.0,2.5,0.0
2022-04-20,16.7,7.5,1.2
2022-04-21,12.8,6.3,3.8
2022-04-22,22.3,9.9,1.4
2022-04-23,23.6,12.8,0.1
2022-04-24,28.1,8.7,0.0
2022-04-25,27.8,11.2,0.0
2022-04-26,26.9,8.9,0.3
2022-04-27,29.2,9.2,0.0
2022-04-28,21.6,13.6,0.0
2022-04-29,20.5,11.9,0.0
2022-04-30,23.5,10.9,1.4
2022-05-01,21.1,13.5,2.7
2022-05-02,17.5,11.8,6.7
2022-05-03,17.2,9.1,2.8
2022-05-04,23.5,5.8,0.0
2022-05-05,26.1,7.0,0.0
2022-05-06,23.5,14.3,0.0
2022-05-07,24.3,12.9,0.0
2022-05-08,24.2,11.4,0.0
2022-05-09,27.8,11.2,0.0
2022-05-10,27.4,9.4,0.3
2022-05-11,27.2,9.0,0.0
2022-05-12,30.4,11.4,0.0
2022-05-13,31.9,12.1,0.0
2022-05-14,28.2,14.1,0.3
2022-05-15,30.2,13.4,0.0
2022-05-16,31.4,11.3,0.0
2022-05-17,32.6,12.5,1.5
2022-05-18,23.5,14.5,0.6
2022-05-19,25.7,8.5,0.0
2022-05-20,29.8,7.0,0.0
2022-05-21,33.3,8.8,0.0
2022-05-22,27.2,16.5,0.0
2022-05-23,27.4,12.4,2.6
2022-05-24,35.0,15.8,1.2
2022-05-25,35.2,19.6,1.8
2022-05-26,34.4,17.2,0.0
2022-05-27,34.1,16.7,2.6
2022-05-28,31.9,19.1,2.9
2022-05-29,25.3,16.5,13.9
2022-05-30,29.3,14.3,0.1
2022-05-31,30.5,14.3,1.2
2022-06-01,32.4,15.2,0.0
2022-06-02,33.3,15.9,0.0
2022-06-03,34.1,18.4,0.0
2022-06-04,34.5,17.4,0.1
2022-06-05,35.0,18.5,0.0
2022-06-06,34.6,20.1,3.4
2022-06-07,31.2,17.5,0.6
2022-06-08,27.0,18.1,13.4
2022-06-09,27.7,14.8,4.1
2022-06-10,23.5,17.1,12.5
2022-06-11,23.3,18.5,21.7
2022-06-12,24.4,18.5,1.4
2022-06-13,29.9,19.2,0.2
2022-06-14,27.9,17.0,0.0
2022-06-15,28.4,14.2,0.0
2022-06-16,31.0,12.5,0.0
2022-06-17,30.1,15.8,1.4
2022-06-18,28.3,16.3,0.3
2022-06-19,30.0,14.1,0.0
2022-06-20,33.0,15.1,0.0
2022-06-21,35.0,17.4,0.0
2022-06-22,35.0,20.0,2.0
2022-06-23,35.9,21.4,0.7
2022-06-24,32.4,19.6,4.9
2022-06-25,35.5,19.7,0.5
2022-06-26,32.2,19.2,0.0
2022-06-27,34.9,18.2,0.0
2022-06-28,37.0,17.9,1.0
2022-06-29,36.6,18.0,0.0
2022-06-30,37.5,23.5,0.8
2022-07-01,37.8,20.3,0.0
2022-07-02,39.1,21.1,0.2
2022-07-03,36.7,20.6,0.1
2022-07-04,37.0,20.4,0.4
2022-07-05,38.6,21.6,2.4
2022-07-06,32.1,20.5,0.2
2022-07-07,32.4,18.1,0.0
2022-07-08,30.1,16.7,19.0
2022-07-09,18.4,17.1,14.7
2022-07-10,27.4,16.1,0.0
2022-07-11,27.9,14.2,0.0
2022-07-12,27.3,12.4,0.0
2022-07-13,28.0,12.8,0.0
2022-07-14,32.3,13.5,0.0
2022-07-15,35.2,15.4,0.0
2022-07-16,36.6,17.5,0.2
2022-07-17,33.0,21.3,0.0
2022-07-18,31.5,18.3,0.0
2022-07-19,33.0,15.8,0.0
2022-07-20,34.1,15.8,0.0
2022-07-21,36.9,16.9,0.0
2022-07-22,38.3,19.0,0.0
2022-07-23,40.7,18.7,0.0
2022-07-24,39.1,20.5,1.1
2022-07-25,35.9,20.6,0.8
2022-07-26,39.3,18.1,0.0
2022-07-27,36.8,22.3,0.6
2022-07-28,34.2,21.3,2.5
2022-07-29,36.5,19.5,0.0
2022-07-30,37.3,24.2,0.4
2022-07-31,30.5,19.9,4.7
2022-08-01,32.2,17.4,0.0
2022-08-02,33.6,16.5,0.0
2022-08-03,34.2,17.8,0.0
2022-08-04,35.1,17.9,0.0
2022-08-05,36.6,17.9,0.0
2022-08-06,37.1,18.1,0.0
2022-08-07,34.4,22.2,0.4
2022-08-08,35.9,21.2,0.0
2022-08-09,33.9,19.2,0.0
2022-08-10,33.2,20.9,0.2
2022-08-11,31.8,18.9,0.2
2022-08-12,31.9,18.2,2.9
2022-08-13,29.5,19.0,3.4
2022-08-14,27.5,18.5,8.7
2022-08-15,32.5,16.8,0.0
2022-08-16,33.0,18.3,3.4
2022-08-17,34.7,17.5,0.0
2022-08-18,37.4,18.5,0.0
2022-08-19,38.7,19.8,2.0
2022-08-20,32.4,21.2,11.3
2022-08-21,28.5,19.9,4.7
2022-08-22,29.7,19.0,15.1
2022-08-23,29.4,19.2,11.7
2022-08-24,28.9,20.3,0.2
2022-08-25,30.4,20.2,0.5
2022-08-26,33.1,19.8,0.0
2022-08-27,34.3,17.0,0.0
2022-08-28,34.2,17.6,0.5
2022-08-29,33.1,19.6,0.5
2022-08-30,30.0,19.3,1.1
2022-08-31,31.6,18.7,1.2
2022-09-01,32.4,18.4,2.5
2022-09-02,23.0,17.8,14.5
2022-09-03,27.3,17.3,2.9
2022-09-04,29.6,15.4,2.5
2022-09-05,27.5,17.1,0.8
2022-09-06,28.3,15.3,0.0
2022-09-07,30.4,14.9,0.0
2022-09-08,31.8,17.8,0.0
2022-09-09,30.1,19.5,1.0
2022-09-10,31.8,19.8,0.2
2022-09-11,28.5,17.5,7.8
2022-09-12,23.7,15.1,1.8
2022-09-13,25.9,11.3,0.0
2022-09-14,31.1,10.9,0.0
2022-09-15,32.8,16.2,0.0
2022-09-16,29.0,19.4,0.6
2022-09-17,24.2,19.3,2.3
2022-09-18,19.5,12.9,2.2
2022-09-19,24.2,8.0,0.0
2022-09-20,20.4,10.0,0.0
2022-09-21,18.7,10.8,0.3
2022-09-22,18.5,9.3,0.0
2022-09-23,19.2,6.0,0.0
2022-09-24,23.9,5.2,0.0
2022-09-25,26.0,8.0,0.0
2022-09-26,22.1,15.0,3.0
2022-09-27,25.5,16.8,3.6
2022-09-28,27.3,13.1,0.0
2022-09-29,25.9,14.1,0.0
2022-09-30,30.1,14.3,0.0
2022-10-01,24.6,15.9,8.1
2022-10-02,24.4,15.5,5.1
2022-10-03,19.7,10.3,0.6
2022-10-04,18.6,9.9,0.0
2022-10-05,20.5,6.1,0.0
2022-10-06,22.6,5.8,0.0
2022-10-07,24.4,7.9,0.0
2022-10-08,25.1,7.5,0.0
2022-10-09,24.2,8.4,0.1
2022-10-10,24.0,9.3,0.7
2022-10-11,17.9,14.7,4.5
2022-10-12,18.8,14.0,1.3
2022-10-13,17.8,14.2,9.8
2022-10-14,15.4,11.0,14.2
2022-10-15,20.2,8.2,0.0
2022-10-16,22.1,5.9,0.0
2022-10-17,22.6,6.1,0.0
2022-10-18,22.1,4.7,0.0
2022-10-19,22.3,3.8,0.0
2022-10-20,20.4,8.0,0.0
2022-10-21,20.3,4.0,0.0
2022-10-22,22.5,8.6,0.0
2022-10-23,25.4,8.8,0.0
2022-10-24,27.1,9.4,0.0
2022-10-25,27.5,9.4,0.0
2022-10-26,24.4,10.2,0.0
2022-10-27,24.3,8.4,0.0
2022-10-28,23.5,7.1,0.0
2022-10-29,22.9,4.6,0.0
2022-10-30,24.3,5.2,0.0
2022-10-31,25.5,8.1,0.0
2022-11-01,26.3,7.9,0.0
2022-11-02,26.6,7.9,0.0
2022-11-03,23.1,9.7,0.0
2022-11-04,23.1,8.2,0.0
2022-11-05,20.0,13.2,0.8
2022-11-06,16.0,11.9,17.4
2022-11-07,18.1,10.3,0.0
2022-11-08,18.2,9.3,1.0
2022-11-09,16.2,5.7,0.0
2022-11-10,15.5,6.0,0.0
2022-11-11,16.1,6.3,0.0
2022-11-12,14.8,8.7,1.0
2022-11-13,16.4,8.4,0.0
2022-11-14,17.3,5.9,0.0
2022-11-15,14.1,7.6,0.0
2022-11-16,15.6,7.8,2.2
2022-11-17,19.9,11.3,1.0
2022-11-18,18.6,9.1,0.5
2022-11-19,21.2,10.1,0.3
2022-11-20,16.6,12.9,15.0
2022-11-21,12.8,7.3,6.0
2022-11-22,10.4,5.8,6.7
2022-11-23,16.0,7.2,0.3
2022-11-24,11.8,6.1,0.0
2022-11-25,13.6,4.1,0.0
2022-11-26,10.9,0.5,0.0
2022-11-27,7.0,3.0,3.2
2022-11-28,8.0,3.9,1.6
2022-11-29,8.6,0.8,0.0
2022-11-30,8.2,5.5,4.7
2022-12-01,8.0,6.8,12.5
2022-12-02,11.8,4.4,0.0
2022-12-03,11.3,6.5,0.0
2022-12-04,11.6,8.6,4.8
2022-12-05,12.0,8.9,0.1
2022-12-06,12.0,8.7,0.0
2022-12-07,12.4,6.4,0.0
2022-12-08,12.6,8.3,0.2
2022-12-09,14.6,8.6,0.0
2022-12-10,16.3,10.7,6.0
2022-12-11,15.0,6.9,12.3
2022-12-12,11.2,3.3,2.9
2022-12-13,6.6,2.5,0.0
2022-12-14,7.7,4.2,8.5
2022-12-15,13.2,7.4,2.5
2022-12-16,17.3,9.2,0.4
2022-12-17,18.2,11.6,2.4
2022-12-18,12.2,5.0,0.4
2022-12-19,7.4,1.3,0.0
2022-12-20,7.2,0.3,0.0
2022-12-21,7.7,0.0,0.0
2022-12-22,7.8,1.4,0.0
2022-12-23,11.5,-0.5,0.0
2022-12-24,11.7,1.0,0.0
2022-12-25,14.2,3.7,0.0
2022-12-26,12.7,1.9,0.0
2022-12-27,14.3,1.3,0.2
2022-12-28,11.7,7.0,0.0
2022-12-29,12.6,6.5,0.0
2022-12-30,11.2,2.1,0.0
2022-12-31,12.1,4.7,0.0
2023-01-01,12.9,2.3,0.0
2023-01-02,13.6,4.0,0.0
2023-01-03,15.4,1.2,0.0
2023-01-04,11.2,1.7,0.0
2023-01-05,11.4,3.8,0.0
2023-01-06,14.2,1.7,0.0
2023-01-07,12.4,-1.5,0.0
2023-01-08,12.8,1.2,0.0
2023-01-09,11.1,2.3,1.4
2023-01-10,11.5,5.0,8.5
2023-01-11,7.8,4.1,1.4
2023-01-12,7.5,3.3,0.0
2023-01-13,9.8,3.4,0.0
2023-01-14,7.8,2.3,0.7
2023-01-15,10.8,3.0,0.0
2023-01-16,9.9,1.5,0.1
2023-01-17,14.5,7.9,3.2
2023-01-18,18.3,10.2,2.0
2023-01-19,15.6,10.0,9.4
2023-01-20,11.0,7.0,13.0
2023-01-21,9.9,6.0,6.0
2023-01-22,11.5,2.6,0.0
2023-01-23,11.7,8.3,17.3
2023-01-24,9.7,6.8,13.2
2023-01-25,8.1,6.0,4.2
2023-01-26,6.2,3.9,8.9
2023-01-27,4.2,2.6,1.3
2023-01-28,5.8,1.9,0.0
2023-01-29,5.1,1.7,0.0
2023-01-30,5.6,1.1,0.0
2023-01-31,7.0,0.9,0.8
2023-02-01,11.3,-0.1,0.0
2023-02-02,13.2,1.4,0.2
2023-02-03,9.5,1.4,3.7
2023-02-04,9.8,2.4,2.3
2023-02-05,1.5,-2.3,1.2
2023-02-06,0.7,-5.5,0.0
2023-02-07,2.1,-3.4,0.0
2023-02-08,2.6,-5.2,0.0
2023-02-09,4.7,-6.1,0.0
2023-02-10,7.7,-5.3,0.0
2023-02-11,8.9,-7.4,0.0
2023-02-12,6.5,-3.1,0.1
2023-02-13,10.9,0.1,0.0
2023-02-14,8.7,-2.4,0.0
2023-02-15,11.5,2.0,0.0
2023-02-16,15.4,-1.8,0.0
2023-02-17,17.6,0.2,0.0
2023-02-18,18.8,1.4,0.0
2023-02-19,19.9,2.2,0.0
2023-02-20,17.1,6.1,0.0
2023-02-21,21.4,1.4,0.0
2023-02-22,21.1,1.8,0.0
2023-02-23,19.4,2.3,0.3
2023-02-24,19.4,7.4,0.4
2023-02-25,19.8,7.7,0.0
2023-02-26,20.1,10.7,0.7
2023-02-27,15.1,6.8,13.6
2023-02-28,14.0,5.2,0.7
2023-03-01,11.9,8.2,4.3
2023-03-02,13.5,9.5,4.5
2023-03-03,13.9,8.3,5.6
2023-03-04,10.5,6.3,2.7
2023-03-05,12.0,5.6,0.3
2023-03-06,15.9,1.9,0.1
2023-03-07,17.1,6.1,0.0
2023-03-08,17.5,3.6,0.0
2023-03-09,20.8,6.8,0.0
2023-03-10,17.2,9.1,6.7
2023-03-11,18.0,6.1,1.3
2023-03-12,11.3,3.5,0.0
2023-03-13,15.4,-1.1,0.0
2023-03-14,18.0,2.7,0.0
2023-03-15,10.3,6.9,5.1
2023-03-16,7.2,4.5,0.7
2023-03-17,10.8,3.4,0.2
2023-03-18,15.3,0.5,0.0
2023-03-19,19.4,2.0,0.0
2023-03-20,21.6,4.3,0.0
2023-03-21,15.9,7.5,11.7
2023-03-22,18.2,8.1,8.6
2023-03-23,21.2,3.7,0.0
2023-03-24,24.1,5.9,0.0
2023-03-25,23.1,7.6,0.0
2023-03-26,21.8,9.5,0.0
2023-03-27,15.4,8.9,3.1
2023-03-28,8.3,3.6,0.8
2023-03-29,13.8,0.4,0.0
2023-03-30,20.8,2.5,0.0
2023-03-31,23.8,6.5,0.0
2023-04-01,19.5,11.9,2.1
2023-04-02,18.8,7.3,0.5
2023-04-03,13.6,6.7,20.4
2023-04-04,6.7,3.6,6.9
2023-04-05,8.8,2.8,1.1
2023-04-06,9.6,2.5,0.0
2023-04-07,14.1,0.9,0.0
2023-04-08,16.1,3.7,0.3
2023-04-09,10.7,7.8,8.5
2023-04-10,14.1,7.8,3.9
2023-04-11,16.1,7.9,0.4
2023-04-12,19.1,7.6,0.8
2023-04-13,24.1,5.6,0.0
2023-04-14,18.2,11.9,3.4
2023-04-15,19.8,8.8,0.0
2023-04-16,18.1,8.4,0.3
2023-04-17,16.2,10.9,5.3
2023-04-18,18.3,8.5,1.8
2023-04-19,17.1,10.4,0.5
2023-04-20,18.8,9.6,0.9
2023-04-21,21.6,6.5,0.4
2023-04-22,21.0,8.5,0.4
2023-04-23,23.6,6.9,0.4
2023-04-24,23.0,11.6,2.1
2023-04-25,20.4,12.6,2.0
2023-04-26,13.8,9.2,15.6
2023-04-27,17.7,4.7,0.0
2023-04-28,20.0,3.4,0.0
2023-04-29,21.6,7.3,0.1
2023-04-30,23.0,8.7,0.7
2023-05-01,23.7,9.2,0.1
2023-05-02,22.3,11.5,0.0
2023-05-03,18.4,13.1,3.2
2023-05-04,19.3,12.4,1.8
2023-05-05,22.1,10.5,0.0
2023-05-06,24.7,8.3,0.0
2023-05-07,27.8,11.4,0.0
2023-05-08,26.1,12.2,1.7
2023-05-09,17.5,13.7,10.5
2023-05-10,16.6,12.9,3.7
2023-05-11,16.0,12.5,3.5
2023-05-12,21.2,12.4,1.6
2023-05-13,22.7,12.8,1.6
2023-05-14,17.1,13.4,4.3
2023-05-15,22.6,14.0,2.4
2023-05-16,21.2,16.0,2.8
2023-05-17,24.5,14.0,0.8
2023-05-18,18.4,14.1,2.2
2023-05-19,23.7,12.8,0.0
2023-05-20,27.0,10.9,0.0
2023-05-21,24.2,14.4,0.3
2023-05-22,24.3,14.0,0.1
2023-05-23,27.1,12.4,0.0
2023-05-24,28.0,12.4,0.0
2023-05-25,26.2,14.2,3.2
2023-05-26,25.6,14.5,2.6
2023-05-27,25.4,13.6,1.9
2023-05-28,25.8,15.4,0.9
2023-05-29,26.4,14.3,0.4
2023-05-30,27.3,14.1,1.7
2023-05-31,25.3,16.1,3.3
2023-06-01,28.0,15.4,1.2
2023-06-02,29.4,15.0,0.3
2023-06-03,26.9,16.3,2.4
2023-06-04,25.7,16.6,0.9
2023-06-05,29.1,15.6,0.3
2023-06-06,29.2,18.8,4.5
2023-06-07,26.5,18.3,0.8
2023-06-08,30.1,16.2,2.2
2023-06-09,31.2,15.7,2.5
2023-06-10,27.8,17.3,2.2
2023-06-11,28.6,18.0,0.5
2023-06-12,24.2,17.7,10.2
2023-06-13,24.3,17.9,3.4
2023-06-14,27.2,16.5,3.6
2023-06-15,23.8,18.3,10.3
2023-06-16,22.3,17.6,9.3
2023-06-17,19.9,16.5,3.3
2023-06-18,25.1,15.8,3.3
2023-06-19,29.7,12.9,0.0
2023-06-20,32.2,13.8,0.0
2023-06-21,34.4,16.7,0.0
2023-06-22,34.8,18.2,0.0
2023-06-23,36.6,18.8,0.3
2023-06-24,31.9,21.8,4.1
2023-06-25,31.1,20.1,1.5
2023-06-26,29.6,20.7,0.6
2023-06-27,32.0,15.6,0.0
2023-06-28,28.9,17.2,2.4
2023-06-29,26.6,16.0,0.4
2023-06-30,32.5,12.4,0.0
2023-07-01,32.5,18.0,1.8
2023-07-02,28.7,18.6,1.6
2023-07-03,31.9,18.4,0.2
2023-07-04,34.6,16.8,0.0
2023-07-05,30.8,20.2,4.0
2023-07-06,32.7,18.9,0.1
2023-07-07,31.3,20.2,1.1
2023-07-08,30.7,18.3,0.0
2023-07-09,31.5,15.3,0.0
2023-07-10,32.3,15.5,0.0
2023-07-11,34.8,16.1,0.0
2023-07-12,39.1,18.9,0.0
2023-07-13,40.1,20.6,0.0
2023-07-14,37.8,22.0,0.8
2023-07-15,38.0,21.2,0.0
2023-07-16,38.3,25.0,0.0
2023-07-17,39.6,23.0,0.0
2023-07-18,37.1,22.7,0.0
2023-07-19,39.5,20.9,0.0
2023-07-20,38.2,21.8,0.0
2023-07-21,40.1,20.9,0.0
2023-07-22,41.2,23.0,0.0
2023-07-23,36.1,23.2,6.3
2023-07-24,39.1,20.3,0.0
2023-07-25,42.3,22.2,0.0
2023-07-26,36.4,24.0,0.0
2023-07-27,28.0,18.0,0.1
2023-07-28,34.2,14.2,0.0
2023-07-29,35.9,17.0,0.0
2023-07-30,37.7,18.9,0.0
2023-07-31,31.4,22.2,0.5
2023-08-01,35.7,16.9,0.0
2023-08-02,36.8,22.6,0.0
2023-08-03,39.1,21.1,0.0
2023-08-04,39.8,23.0,0.0
2023-08-05,37.6,21.7,4.0
2023-08-06,29.5,18.6,4.5
2023-08-07,30.1,17.9,0.1
2023-08-08,25.0,16.5,0.4
2023-08-09,29.9,11.5,0.0
2023-08-10,25.9,18.8,1.0
2023-08-11,28.9,14.8,0.0
2023-08-12,30.4,16.2,0.0
2023-08-13,31.5,17.5,0.0
2023-08-14,34.2,18.8,0.0
2023-08-15,32.2,20.8,0.4
2023-08-16,33.4,18.4,0.0
2023-08-17,34.8,20.3,0.0
2023-08-18,36.1,20.7,0.4
2023-08-19,36.6,20.9,0.1
2023-08-20,36.6,20.7,0.0
2023-08-21,37.1,20.7,0.2
2023-08-22,36.9,21.0,0.0
2023-08-23,37.5,20.8,0.2
2023-08-24,35.5,20.6,1.3
2023-08-25,37.1,19.8,0.0
2023-08-26,37.7,18.9,0.0
2023-08-27,38.7,20.9,0.0
2023-08-28,38.8,23.4,0.0
2023-08-29,34.0,22.5,7.2
2023-08-30,30.6,17.7,0.8
2023-08-31,29.2,18.4,0.0
2023-09-01,31.1,15.0,0.0
2023-09-02,32.6,15.3,0.0
2023-09-03,33.4,14.9,0.0
2023-09-04,22.7,17.3,3.7
2023-09-05,27.1,17.1,1.5
2023-09-06,29.2,18.8,0.0
2023-09-07,29.4,19.8,0.0
2023-09-08,30.7,18.3,0.0
2023-09-09,32.6,15.0,0.0
2023-09-10,31.8,12.1,0.0
2023-09-11,32.3,13.8,0.0
2023-09-12,33.6,13.9,0.0
2023-09-13,35.2,17.1,0.0
2023-09-14,33.2,16.9,0.0
2023-09-15,31.3,15.7,0.6
2023-09-16,31.4,16.6,1.9
2023-09-17,30.7,18.5,0.3
2023-09-18,31.6,15.4,0.0
2023-09-19,31.8,19.3,0.0
2023-09-20,31.2,17.6,0.3
2023-09-21,32.4,19.0,1.2
2023-09-22,35.9,18.8,0.0
2023-09-23,37.2,18.0,0.0
2023-09-24,31.2,20.3,0.2
2023-09-25,25.7,18.4,6.2
2023-09-26,28.9,17.5,0.0
2023-09-27,29.3,16.0,0.0
2023-09-28,29.1,13.9,0.0
2023-09-29,28.3,13.9,0.0
2023-09-30,29.2,12.1,0.0
2023-10-01,24.9,14.5,0.6
2023-10-02,25.5,12.3,0.0
2023-10-03,26.5,9.2,0.0
2023-10-04,29.7,10.8,0.0
2023-10-05,28.2,12.7,0.0
2023-10-06,25.3,14.2,0.4
2023-10-07,26.7,8.6,0.0
2023-10-08,29.2,7.6,0.0
2023-10-09,26.4,16.0,0.0
2023-10-10,26.3,12.8,0.0
2023-10-11,25.7,11.6,0.0
2023-10-12,27.0,10.6,0.0
2023-10-13,29.5,10.3,0.0
2023-10-14,29.5,11.0,0.0
2023-10-15,28.8,10.2,0.0
2023-10-16,17.3,10.1,0.3
2023-10-17,10.2,8.0,13.4
2023-10-18,17.3,9.8,0.0
2023-10-19,22.9,9.3,0.0
2023-10-20,29.0,12.2,0.0
2023-10-21,28.9,15.4,0.0
2023-10-22,29.1,16.0,0.0
2023-10-23,27.4,14.1,0.0
2023-10-24,26.3,10.4,0.0
2023-10-25,24.9,14.8,0.9
2023-10-26,25.7,14.2,0.0
2023-10-27,24.8,16.0,0.0
2023-10-28,26.4,13.0,0.0
2023-10-29,25.5,9.2,0.0
2023-10-30,25.4,8.8,0.0
2023-10-31,24.4,8.6,0.0
2023-11-01,23.0,11.9,0.0
2023-11-02,21.2,12.9,2.5
2023-11-03,24.6,12.1,3.0
2023-11-04,17.1,9.0,23.7
2023-11-05,22.5,8.2,0.0
2023-11-06,24.5,10.2,0.0
2023-11-07,21.6,7.8,0.0
2023-11-08,13.4,10.8,18.5
2023-11-09,15.7,6.3,0.0
2023-11-10,14.0,6.1,0.7
2023-11-11,16.8,8.8,2.1
2023-11-12,12.1,5.3,2.2
2023-11-13,17.2,9.2,0.5
2023-11-14,18.6,5.8,0.0
2023-11-15,18.5,8.6,3.7
2023-11-16,15.7,6.5,0.2
2023-11-17,15.0,7.5,3.9
2023-11-18,9.0,6.4,5.1
2023-11-19,11.5,4.4,0.0
2023-11-20,15.5,2.5,0.0
2023-11-21,11.7,3.9,0.9
2023-11-22,12.8,9.8,5.0
2023-11-23,12.4,9.8,1.0
2023-11-24,15.9,7.2,0.0
2023-11-25,11.5,1.8,21.1
2023-11-26,4.9,-2.4,2.2
2023-11-27,4.3,-15.2,0.0
2023-11-28,8.2,3.3,11.5
2023-11-29,10.3,4.6,0.7
2023-11-30,11.6,3.4,0.0
2023-12-01,18.8,9.0,0.0
2023-12-02,21.1,9.0,0.0
2023-12-03,14.0,4.2,1.7
2023-12-04,6.0,0.7,0.0
2023-12-05,7.7,1.6,0.9
2023-12-06,10.1,6.8,7.2
2023-12-07,9.1,3.8,8.6
2023-12-08,6.0,2.2,0.0
2023-12-09,7.3,1.0,0.0
2023-12-10,7.4,0.5,0.3
2023-12-11,10.9,3.6,0.0
2023-12-12,14.1,5.3,0.0
2023-12-13,11.8,6.7,0.0
2023-12-14,13.4,6.9,7.3
2023-12-15,7.9,5.2,23.2
2023-12-16,5.0,2.8,10.5
2023-12-17,5.6,-2.5,0.0
2023-12-18,9.8,-3.0,0.0
2023-12-19,12.5,-1.8,0.0
2023-12-20,10.5,1.2,0.0
2023-12-21,10.6,1.5,0.0
2023-12-22,9.6,2.2,11.7
2023-12-23,14.5,2.9,0.0
2023-12-24,16.2,4.5,0.0
2023-12-25,16.9,2.5,0.0
2023-12-26,15.0,2.9,0.0
2023-12-27,15.5,2.3,0.0
2023-12-28,13.3,1.2,0.0
2023-12-29,13.7,1.5,0.0
2023-12-30,11.3,-0.1,0.1
2023-12-31,11.9,2.3,0.0
2024-01-01,13.1,3.5,0.0
2024-01-02,12.2,7.1,4.1
2024-01-03,11.9,4.9,0.4
2024-01-04,13.8,6.5,0.1
2024-01-05,12.5,3.4,0.0
2024-01-06,13.4,6.9,0.6
2024-01-07,11.6,7.8,6.5
2024-01-08,8.4,2.9,6.5
2024-01-09,2.3,-0.6,0.0
2024-01-10,2.9,-1.5,0.0
2024-01-11,3.6,-1.5,0.0
2024-01-12,3.6,-3.1,0.0
2024-01-13,3.7,-3.1,0.0
2024-01-14,6.8,-3.6,0.0
2024-01-15,8.5,0.5,0.5
2024-01-16,7.0,3.3,0.0
2024-01-17,10.0,0.5,0.1
2024-01-18,16.5,6.9,2.8
2024-01-19,17.6,6.9,0.1
2024-01-20,6.5,0.3,13.7
2024-01-21,3.1,-4.8,1.6
2024-01-22,4.6,-6.3,0.0
2024-01-23,5.7,-9.3,0.0
2024-01-24,10.6,2.6,0.0
2024-01-25,9.8,1.8,0.0
2024-01-26,12.5,2.5,0.0
2024-01-27,10.7,0.8,0.1
2024-01-28,6.9,3.8,0.3
2024-01-29,7.3,2.6,0.0
2024-01-30,8.5,-0.4,0.0
2024-01-31,11.4,-4.2,0.0
2024-02-01,12.4,-2.7,0.0
2024-02-02,10.5,-0.4,0.0
2024-02-03,12.4,-0.3,0.0
2024-02-04,17.8,1.7,0.0
2024-02-05,20.4,2.3,0.0
2024-02-06,20.2,1.9,0.0
2024-02-07,16.8,3.4,0.0
2024-02-08,19.3,4.9,0.0
2024-02-09,18.5,3.6,0.0
2024-02-10,13.7,8.4,0.0
2024-02-11,14.8,10.5,7.1
2024-02-12,15.1,7.3,1.6
2024-02-13,13.5,5.8,0.1
2024-02-14,11.5,6.0,0.3
2024-02-15,12.6,1.6,0.0
2024-02-16,15.1,-0.9,0.0
2024-02-17,17.5,-0.9,0.0
2024-02-18,15.6,0.4,0.0
2024-02-19,14.9,1.9,0.0
2024-02-20,13.5,5.0,0.1
2024-02-21,13.8,3.1,0.0
2024-02-22,17.6,2.8,0.0
2024-02-23,18.8,6.8,0.0
2024-02-24,16.9,9.7,0.0
2024-02-25,15.7,10.8,1.6
2024-02-26,18.0,10.3,0.5
2024-02-27,18.7,9.4,0.0
2024-02-28,16.6,11.1,0.0
2024-02-29,16.1,11.8,2.1
2024-03-01,13.7,9.9,13.3
2024-03-02,17.2,9.2,5.2
2024-03-03,19.1,4.9,0.0
2024-03-04,16.7,6.7,0.5
2024-03-05,15.8,8.4,8.0
2024-03-06,16.7,5.9,2.5
2024-03-07,14.6,6.4,0.8
2024-03-08,14.2,5.0,0.0
2024-03-09,13.7,5.3,0.7
2024-03-10,19.0,7.3,0.0
2024-03-11,16.3,10.1,2.6
2024-03-12,14.9,7.4,2.7
2024-03-13,15.7,7.8,0.9
2024-03-14,14.1,8.3,0.2
2024-03-15,17.2,4.8,0.2
2024-03-16,19.4,6.7,0.0
2024-03-17,16.4,8.0,0.0
2024-03-18,20.6,5.0,0.1
2024-03-19,12.6,6.9,3.5
2024-03-20,14.2,1.4,0.0
2024-03-21,19.8,0.8,0.0
2024-03-22,18.8,5.4,0.0
2024-03-23,20.7,3.0,0.0
2024-03-24,21.1,7.5,0.0
2024-03-25,13.8,5.8,5.7
2024-03-26,11.5,4.3,4.7
2024-03-27,17.8,8.5,0.7
2024-03-28,23.1,12.5,4.9
2024-03-29,25.7,8.1,0.0
2024-03-30,27.9,10.8,0.0
2024-03-31,28.2,12.4,0.0
2024-04-01,29.6,14.7,0.0
2024-04-02,25.2,13.3,0.0
2024-04-03,22.5,6.8,0.0
2024-04-04,24.1,6.8,0.0
2024-04-05,26.5,7.9,0.0
2024-04-06,28.1,8.9,0.0
2024-04-07,26.3,12.4,0.0
2024-04-08,27.3,9.0,0.0
2024-04-09,29.8,11.3,0.0
2024-04-10,30.3,11.6,0.0
2024-04-11,28.1,11.3,0.0
2024-04-12,28.0,10.6,0.0
2024-04-13,27.9,12.8,0.0
2024-04-14,30.4,10.8,0.0
2024-04-15,33.0,10.9,0.0
2024-04-16,26.3,16.3,0.9
2024-04-17,20.0,9.3,9.3
2024-04-18,13.8,7.2,1.1
2024-04-19,15.0,5.4,0.7
2024-04-20,18.9,6.1,0.9
2024-04-21,10.6,6.8,8.3
2024-04-22,17.5,7.6,0.0
2024-04-23,14.2,10.4,15.5
2024-04-24,22.7,9.9,0.5
2024-04-25,15.3,10.3,5.7
2024-04-26,20.1,6.6,0.0
2024-04-27,23.6,8.4,0.1
2024-04-28,26.5,7.4,0.0
2024-04-29,26.7,11.8,0.0
2024-04-30,25.6,9.2,0.0
2024-05-01,24.4,13.0,0.2
2024-05-02,22.5,15.2,7.0
2024-05-03,19.3,12.2,7.0
2024-05-04,18.7,12.5,7.1
2024-05-05,25.0,9.8,0.0
2024-05-06,27.2,11.4,0.0
2024-05-07,27.2,11.5,0.0
2024-05-08,28.4,13.4,3.0
2024-05-09,22.0,14.6,6.1
2024-05-10,18.3,13.9,0.6
2024-05-11,23.3,11.7,0.0
2024-05-12,23.1,9.3,0.3
2024-05-13,24.4,11.7,0.0
2024-05-14,18.8,13.1,11.0
2024-05-15,17.1,13.8,8.6
2024-05-16,14.9,13.8,4.7
2024-05-17,24.3,13.6,0.0
2024-05-18,28.2,13.1,0.8
2024-05-19,26.2,18.5,11.2
2024-05-20,26.8,18.6,9.9
2024-05-21,27.6,19.1,0.8
2024-05-22,25.5,15.7,6.7
2024-05-23,25.3,13.9,0.7
2024-05-24,26.0,13.2,0.7
2024-05-25,26.1,12.8,0.1
2024-05-26,25.6,16.6,0.0
2024-05-27,26.3,13.3,0.2
2024-05-28,26.4,10.9,0.2
2024-05-29,25.4,12.7,0.0
2024-05-30,26.9,12.4,0.1
2024-05-31,27.7,14.0,0.2
2024-06-01,30.5,17.4,0.0
2024-06-02,32.8,16.3,0.0
2024-06-03,30.2,19.7,2.0
2024-06-04,32.4,16.0,0.0
2024-06-05,30.4,17.0,0.2
2024-06-06,31.8,15.7,0.0
2024-06-07,34.4,14.7,0.0
2024-06-08,34.5,17.4,0.0
2024-06-09,35.2,19.8,0.1
2024-06-10,36.6,22.0,0.5
2024-06-11,35.5,18.0,0.2
2024-06-12,36.9,18.3,0.0
2024-06-13,34.1,19.7,0.6
2024-06-14,27.1,18.6,8.9
2024-06-15,31.1,14.2,0.0
2024-06-16,33.8,15.7,0.0
2024-06-17,34.8,17.6,0.0
2024-06-18,36.9,18.5,0.0
2024-06-19,38.3,21.3,0.0
2024-06-20,37.7,19.3,0.0
2024-06-21,38.7,21.1,0.0
2024-06-22,39.3,23.1,0.6
2024-06-23,36.6,23.0,5.3
2024-06-24,35.7,20.7,6.6
2024-06-25,33.4,19.9,1.0
2024-06-26,35.1,20.3,6.4
2024-06-27,30.2,20.2,9.0
2024-06-28,29.6,17.9,0.5
2024-06-29,32.9,18.5,0.0
2024-06-30,35.5,17.3,0.0
2024-07-01,37.7,22.1,0.0
2024-07-02,32.3,18.8,9.1
2024-07-03,26.8,18.4,0.3
2024-07-04,28.2,18.0,0.0
2024-07-05,30.5,14.9,0.0
2024-07-06,34.7,14.8,0.0
2024-07-07,36.9,21.8,0.0
2024-07-08,38.0,20.3,0.0
2024-07-09,37.6,20.7,0.0
2024-07-10,38.8,20.9,0.0
2024-07-11,39.1,20.2,0.0
2024-07-12,39.6,22.3,0.0
2024-07-13,40.0,24.6,0.0
2024-07-14,39.6,23.8,0.0
2024-07-15,40.2,21.9,0.0
2024-07-16,40.5,22.6,0.0
2024-07-17,40.1,22.7,0.0
2024-07-18,39.6,22.2,1.3
2024-07-19,38.3,22.8,0.0
2024-07-20,38.7,22.4,0.2
2024-07-21,38.5,22.0,0.3
2024-07-22,37.7,23.2,0.7
2024-07-23,36.0,23.5,0.7
2024-07-24,33.0,21.7,8.2
2024-07-25,31.7,19.8,0.0
2024-07-26,32.4,17.0,0.0
2024-07-27,34.7,16.9,0.0
2024-07-28,38.3,16.4,0.0
2024-07-29,36.0,20.2,0.0
2024-07-30,32.4,20.2,0.0
2024-07-31,34.8,16.4,0.0
2024-08-01,37.4,15.3,0.0
2024-08-02,39.4,17.6,0.0
2024-08-03,36.0,19.9,1.0
2024-08-04,32.6,21.7,0.0
2024-08-05,33.3,19.1,0.0
2024-08-06,33.8,17.1,0.0
2024-08-07,34.7,17.7,0.0
2024-08-08,38.0,16.6,0.0
2024-08-09,35.5,20.3,0.1
2024-08-10,34.5,20.2,0.0
2024-08-11,37.4,19.0,0.0
2024-08-12,39.1,19.4,0.0
2024-08-13,40.7,21.7,0.0
2024-08-14,41.0,24.8,0.0
2024-08-15,40.5,24.4,0.5
2024-08-16,40.4,21.9,0.0
2024-08-17,39.3,22.9,0.0
2024-08-18,35.5,21.0,4.9
2024-08-19,31.5,20.6,2.0
2024-08-20,29.8,20.9,2.4
2024-08-21,32.5,19.4,0.3
2024-08-22,35.0,19.8,0.0
2024-08-23,37.0,19.0,0.0
2024-08-24,38.3,17.9,0.0
2024-08-25,36.8,17.5,0.0
2024-08-26,35.3,18.9,0.2
2024-08-27,36.4,18.1,0.0
2024-08-28,33.2,20.2,0.0
2024-08-29,33.5,19.4,1.4
2024-08-30,29.8,18.1,3.3
2024-08-31,31.1,18.0,0.1
2024-09-01,34.0,18.1,0.0
2024-09-02,35.6,16.4,0.0
2024-09-03,35.3,19.3,0.0
2024-09-04,35.2,17.4,0.0
2024-09-05,34.9,17.2,0.7
2024-09-06,32.9,20.0,0.4
2024-09-07,33.3,20.2,0.2
2024-09-08,33.2,19.5,0.0
2024-09-09,30.9,20.1,3.3
2024-09-10,22.7,17.7,17.4
2024-09-11,24.4,17.5,0.9
2024-09-12,30.3,14.1,0.0
2024-09-13,26.7,18.3,2.4
2024-09-14,23.4,13.9,1.8
2024-09-15,20.4,10.8,5.9
2024-09-16,20.8,12.2,0.7
2024-09-17,22.6,10.0,2.7
2024-09-18,19.6,15.7,5.4
2024-09-19,22.7,14.1,1.4
2024-09-20,24.2,15.7,2.0
2024-09-21,25.5,13.1,0.0
2024-09-22,26.4,8.3,0.0
2024-09-23,27.9,9.4,0.0
2024-09-24,27.6,14.6,0.0
2024-09-25,29.0,15.6,0.1
2024-09-26,30.6,14.0,0.0
2024-09-27,32.1,14.1,0.0
2024-09-28,32.7,15.0,0.0
2024-09-29,19.0,14.7,6.0
2024-09-30,19.8,10.3,0.0
2024-10-01,21.2,6.1,0.0
2024-10-02,26.2,6.1,0.0
2024-10-03,26.9,12.3,0.0
2024-10-04,24.8,17.7,8.7
2024-10-05,23.1,16.7,8.3
2024-10-06,20.5,13.5,5.2
2024-10-07,23.7,11.2,0.0
2024-10-08,25.5,10.0,0.0
2024-10-09,24.5,12.8,0.6
2024-10-10,28.7,15.4,0.0
2024-10-11,27.6,17.9,2.5
2024-10-12,21.1,12.1,1.0
2024-10-13,22.1,8.3,0.0
2024-10-14,23.8,9.0,0.0
2024-10-15,24.7,8.3,0.0
2024-10-16,24.1,9.4,0.0
2024-10-17,22.0,9.1,0.0
2024-10-18,20.2,13.6,0.4
2024-10-19,16.8,11.2,0.0
2024-10-20,18.1,11.7,0.1
2024-10-21,21.0,7.2,0.0
2024-10-22,21.6,7.1,0.0
2024-10-23,23.4,5.8,0.0
2024-10-24,23.1,5.9,0.0
2024-10-25,22.3,8.1,0.0
2024-10-26,22.6,10.3,0.0
2024-10-27,23.0,10.5,0.0
2024-10-28,24.9,7.4,0.0
2024-10-29,21.1,8.6,0.0
2024-10-30,20.6,9.4,0.0
2024-10-31,20.4,6.6,0.0
2024-11-01,20.8,6.3,0.0
2024-11-02,21.4,4.5,0.0
2024-11-03,15.6,10.2,0.0
2024-11-04,18.0,6.1,0.0
2024-11-05,17.1,2.9,0.0
2024-11-06,17.9,3.1,0.0
2024-11-07,18.1,2.3,0.0
2024-11-08,19.0,1.9,0.0
2024-11-09,18.2,0.1,0.0
2024-11-10,12.5,1.3,0.0
2024-11-11,7.9,2.6,1.5
2024-11-12,8.2,5.1,0.5
2024-11-13,9.5,6.6,0.0
2024-11-14,7.5,4.8,5.5
2024-11-15,5.6,4.0,3.4
2024-11-16,7.3,3.1,0.0
2024-11-17,10.9,2.9,0.0
2024-11-18,14.1,-0.5,0.0
2024-11-19,13.5,0.5,0.1
2024-11-20,15.9,6.9,4.2
2024-11-21,14.2,1.6,9.3
2024-11-22,14.9,0.1,14.3
2024-11-23,7.5,1.5,1.0
2024-11-24,9.4,-1.3,0.0
2024-11-25,12.4,-2.2,0.0
2024-11-26,14.6,1.1,0.0
2024-11-27,17.1,2.8,0.0
2024-11-28,15.5,4.3,0.0
2024-11-29,9.4,4.5,12.7
2024-11-30,5.1,4.0,24.3
2024-12-01,7.7,4.8,20.3
2024-12-02,8.7,3.8,0.8
2024-12-03,10.4,3.1,0.0
2024-12-04,9.3,6.8,1.9
2024-12-05,8.1,6.4,9.8
2024-12-06,10.6,7.4,4.6
2024-12-07,9.5,4.1,8.7
2024-12-08,8.2,0.7,5.7
2024-12-09,12.1,4.9,0.2
2024-12-10,11.1,5.5,1.1
2024-12-11,11.4,6.8,0.0
2024-12-12,7.9,5.4,0.0
2024-12-13,8.7,2.9,0.0
2024-12-14,7.4,0.4,1.2
2024-12-15,7.6,3.7,6.1
2024-12-16,10.2,2.5,0.0
2024-12-17,14.3,0.5,0.0
2024-12-18,14.0,0.5,0.0
2024-12-19,12.8,2.0,0.0
2024-12-20,9.6,2.9,3.5
2024-12-21,7.6,4.6,6.0
2024-12-22,8.0,0.8,0.0
2024-12-23,5.4,0.8,11.9
2024-12-24,4.4,3.2,2.8
2024-12-25,5.5,2.8,7.2
2024-12-26,6.2,4.5,2.6
2024-12-27,6.7,4.4,0.0
2024-12-28,8.7,0.6,0.0
2024-12-29,9.2,-0.8,0.0
2024-12-30,11.9,-0.1,0.0
2024-12-31,11.9,-0.7,0.0
2025-01-01,10.8,-0.8,0.0
2025-01-02,9.7,-0.7,0.0
2025-01-03,9.3,2.1,0.2
2025-01-04,6.2,0.6,3.8
2025-01-05,7.0,-1.9,0.0
2025-01-06,9.5,1.4,0.0
2025-01-07,9.8,3.0,0.2
2025-01-08,14.5,7.3,0.0
2025-01-09,12.0,5.1,0.0
2025-01-10,13.2,5.0,0.3
2025-01-11,4.8,2.8,2.6
2025-01-12,2.9,0.2,16.5
2025-01-13,2.5,-0.2,5.3
2025-01-14,3.2,0.1,1.2
2025-01-15,2.6,-3.3,0.3
2025-01-16,4.0,0.9,0.6
2025-01-17,5.7,1.3,0.0
2025-01-18,5.3,-2.9,0.0
2025-01-19,7.3,-0.7,0.0
2025-01-20,6.5,-3.0,0.0
2025-01-21,4.8,2.4,2.4
2025-01-22,9.5,3.5,0.0
2025-01-23,9.1,2.8,0.0
2025-01-24,10.9,3.4,0.0
2025-01-25,12.2,3.3,0.0
2025-01-26,11.4,3.7,0.0
2025-01-27,15.6,3.4,0.0
2025-01-28,14.5,5.5,0.0
2025-01-29,13.2,6.4,6.3
2025-01-30,13.9,8.5,1.2
2025-01-31,15.7,5.7,0.6
2025-02-01,14.5,3.8,0.0
2025-02-02,12.5,3.6,0.0
2025-02-03,8.7,4.7,6.8
2025-02-04,7.3,-0.2,0.0
2025-02-05,8.3,-1.6,0.0
2025-02-06,9.5,-0.4,0.0
2025-02-07,10.3,2.6,0.0
2025-02-08,9.9,-1.5,0.0
2025-02-09,9.6,-2.0,0.0
2025-02-10,9.4,-2.6,0.0
2025-02-11,8.9,-1.6,0.0
2025-02-12,8.2,-0.7,0.2
2025-02-13,7.9,2.8,1.1
2025-02-14,11.0,4.5,0.0
2025-02-15,7.8,4.5,1.7
2025-02-16,9.5,3.2,0.0
2025-02-17,4.8,1.6,1.3
2025-02-18,7.0,0.5,0.0
2025-02-19,3.7,-3.0,0.0
2025-02-20,6.6,-5.5,0.0
2025-02-21,7.9,-5.0,0.0
2025-02-22,9.0,-4.6,0.0
2025-02-23,6.8,1.1,0.0
2025-02-24,7.3,2.8,0.2
2025-02-25,13.3,4.4,0.0
2025-02-26,13.5,5.9,0.0
2025-02-27,14.1,7.6,1.0
2025-02-28,16.5,7.9,2.2
2025-03-01,15.7,8.1,2.4
2025-03-02,9.1,5.9,6.0
2025-03-03,10.2,1.7,0.0
2025-03-04,14.7,-1.6,0.0
2025-03-05,19.5,-0.7,0.0
2025-03-06,21.7,-0.2,0.0
2025-03-07,23.1,4.5,0.0
2025-03-08,23.1,4.0,0.0
2025-03-09,23.4,2.7,0.0
2025-03-10,23.7,4.5,0.0
2025-03-11,21.9,9.3,0.0
2025-03-12,22.5,11.7,0.9
2025-03-13,24.2,13.8,4.0
2025-03-14,26.3,9.9,0.0
2025-03-15,30.0,13.4,0.0
2025-03-16,24.4,13.3,0.6
2025-03-17,14.2,6.7,6.9
2025-03-18,7.0,1.0,0.6
2025-03-19,11.8,-1.9,0.0
2025-03-20,17.0,-2.0,0.0
2025-03-21,20.8,-1.0,0.0
2025-03-22,20.6,6.2,0.0
2025-03-23,14.0,9.6,2.3
2025-03-24,19.3,10.6,3.5
2025-03-25,19.8,11.8,1.1
2025-03-26,18.7,11.8,1.9
2025-03-27,17.0,11.9,8.2
2025-03-28,17.2,10.9,9.2
2025-03-29,15.1,9.2,2.0
2025-03-30,15.8,9.3,2.9
2025-03-31,14.2,9.8,4.1
2025-04-01,13.7,9.4,10.6
2025-04-02,14.7,10.3,4.4
2025-04-03,17.2,10.0,1.5
2025-04-04,14.5,9.4,4.0
2025-04-05,19.1,8.1,0.1
2025-04-06,11.1,2.1,5.6
2025-04-07,8.6,2.2,0.0
2025-04-08,9.0,-0.2,0.0
2025-04-09,14.5,-0.8,0.0
2025-04-10,15.5,1.6,1.0
2025-04-11,18.9,4.8,0.1
2025-04-12,18.5,8.2,0.4
2025-04-13,22.6,3.7,0.0
2025-04-14,18.6,13.2,0.5
2025-04-15,19.3,12.9,1.7
2025-04-16,25.6,12.5,0.6
2025-04-17,25.9,15.5,0.0
2025-04-18,23.8,15.1,1.0
2025-04-19,24.4,11.7,0.0
2025-04-20,27.7,7.6,0.0
2025-04-21,29.2,12.0,0.0
2025-04-22,28.4,13.4,0.6
2025-04-23,25.8,10.4,4.5
2025-04-24,23.2,14.3,4.5
2025-04-25,25.1,12.5,0.9
2025-04-26,21.0,13.2,3.8
2025-04-27,21.8,11.0,1.1
2025-04-28,23.0,12.2,0.3
2025-04-29,24.4,7.3,0.0
2025-04-30,26.2,6.7,0.0
2025-05-01,25.4,10.7,0.1
2025-05-02,28.0,11.4,0.2
2025-05-03,30.6,9.8,0.0
2025-05-04,29.3,12.1,0.0
2025-05-05,28.1,13.5,0.2
2025-05-06,26.3,14.2,3.7
2025-05-07,24.5,12.9,5.5
2025-05-08,25.6,11.0,0.0
2025-05-09,21.1,10.4,0.5
2025-05-10,22.7,12.7,2.1
2025-05-11,24.3,8.8,0.7
2025-05-12,21.9,12.4,0.2
2025-05-13,17.9,11.8,0.0
2025-05-14,22.7,6.2,0.0
2025-05-15,24.8,9.3,0.4
2025-05-16,15.6,7.9,27.6
2025-05-17,17.2,8.4,0.7
2025-05-18,23.5,6.3,0.0
2025-05-19,23.3,7.8,0.2
2025-05-20,26.6,11.7,0.0
2025-05-21,23.1,14.2,1.0
2025-05-22,26.8,15.8,0.0
2025-05-23,28.8,13.5,0.0
2025-05-24,16.5,11.9,5.4
2025-05-25,14.8,10.2,6.6
2025-05-26,24.3,7.7,0.0
2025-05-27,25.5,13.6,0.0
2025-05-28,24.1,12.0,0.0
2025-05-29,21.1,10.5,2.5
2025-05-30,20.9,14.6,0.4
2025-05-31,25.0,13.0,0.0
2025-06-01,28.3,10.0,0.0
2025-06-02,31.3,12.0,0.0
2025-06-03,33.3,14.7,0.0
2025-06-04,35.0,16.0,0.0
2025-06-05,33.8,18.8,5.1
2025-06-06,33.9,17.7,0.4
2025-06-07,35.0,17.3,0.0
2025-06-08,36.5,17.0,0.0
2025-06-09,30.0,18.3,0.0
2025-06-10,31.0,17.3,0.0
2025-06-11,33.6,18.6,0.1
2025-06-12,32.0,18.4,0.0
2025-06-13,31.2,16.5,0.0
2025-06-14,30.6,15.1,0.0
2025-06-15,30.9,13.6,0.0
2025-06-16,33.3,12.8,0.0
2025-06-17,33.5,15.4,0.0
2025-06-18,33.0,18.8,0.2
2025-06-19,34.3,18.1,0.1
2025-06-20,31.6,21.3,0.1
2025-06-21,30.1,17.9,0.0
2025-06-22,31.5,13.4,0.0
2025-06-23,33.9,12.7,0.0
2025-06-24,35.9,15.4,0.0
2025-06-25,37.4,17.8,0.0
2025-06-26,39.3,19.6,0.0
2025-06-27,39.2,19.5,2.7
2025-06-28,32.6,22.3,0.0
2025-06-29,33.1,20.4,0.0
2025-06-30,35.1,19.1,0.0
2025-07-01,35.8,20.3,0.0
2025-07-02,36.1,18.1,0.0
2025-07-03,37.1,16.8,0.0
2025-07-04,38.4,17.8,0.0
2025-07-05,37.7,18.0,0.0
2025-07-06,39.1,19.9,0.2
2025-07-07,39.1,22.4,0.0
2025-07-08,36.3,19.5,0.6
2025-07-09,32.3,18.8,0.4
2025-07-10,25.7,16.7,0.0
2025-07-11,29.1,14.3,0.1
2025-07-12,32.9,14.1,0.0
2025-07-13,36.5,16.0,0.0
2025-07-14,36.9,18.2,0.0
2025-07-15,33.8,23.0,0.2
2025-07-16,35.0,20.3,0.0
2025-07-17,35.6,19.7,0.9
2025-07-18,32.0,17.9,0.0
2025-07-19,34.3,17.2,0.0
2025-07-20,38.0,17.5,0.2
2025-07-21,40.6,19.1,0.0
2025-07-22,41.4,20.3,0.0
2025-07-23,39.3,22.6,0.0
2025-07-24,41.1,23.1,0.0
2025-07-25,42.1,22.3,0.0
2025-07-26,41.9,23.5,0.0
2025-07-27,38.6,25.6,0.0
2025-07-28,33.0,21.9,0.0
2025-07-29,30.7,21.7,0.4
2025-07-30,29.3,20.8,0.0
2025-07-31,27.5,19.2,1.0
2025-08-01,32.9,16.6,0.0
2025-08-02,34.7,17.4,0.0
2025-08-03,36.0,22.3,0.0
2025-08-04,31.4,20.1,15.7
2025-08-05,25.9,18.6,2.8
2025-08-06,32.4,18.5,0.0
2025-08-07,33.4,20.2,0.0
2025-08-08,35.5,18.8,0.0
2025-08-09,37.6,18.1,0.0
2025-08-10,38.1,18.5,0.0
2025-08-11,39.0,19.0,0.0
2025-08-12,37.9,20.5,0.0
2025-08-13,37.4,23.2,0.0
2025-08-14,36.1,21.5,0.0
2025-08-15,30.4,19.9,0.0
2025-08-16,35.3,18.0,0.1
2025-08-17,33.9,18.7,0.0
2025-08-18,30.8,19.5,6.1
2025-08-19,31.8,18.6,0.2
2025-08-20,34.2,19.3,0.0
2025-08-21,37.1,18.5,0.0
2025-08-22,31.9,22.3,0.0
2025-08-23,27.3,19.0,0.0
2025-08-24,28.8,13.3,0.0
2025-08-25,29.2,15.5,0.0
2025-08-26,30.3,13.7,0.0
2025-08-27,33.4,12.0,0.0
2025-08-28,34.6,13.4,0.0
2025-08-29,35.6,19.2,0.0
2025-08-30,35.0,20.6,0.0
2025-08-31,29.7,16.9,7.8
2025-09-01,31.9,16.1,0.0
2025-09-02,35.2,15.3,0.0
2025-09-03,33.9,17.1,3.3
2025-09-04,29.1,18.8,3.1
2025-09-05,33.6,15.8,0.0
2025-09-06,33.7,13.4,0.0
2025-09-07,33.0,16.0,0.0
2025-09-08,32.6,15.1,0.1
2025-09-09,33.8,18.5,0.0
2025-09-10,33.6,17.9,0.0
2025-09-11,26.6,19.5,4.2
2025-09-12,30.9,17.1,0.3
2025-09-13,31.9,14.9,0.0
2025-09-14,32.4,19.9,2.1
2025-09-15,30.7,18.9,0.1
2025-09-16,33.5,14.9,0.0
2025-09-17,24.3,16.4,0.0
2025-09-18,25.4,11.4,0.0
2025-09-19,28.3,11.0,0.0
2025-09-20,31.0,13.2,0.0
2025-09-21,30.8,15.3,0.0
2025-09-22,31.7,16.0,0.0
2025-09-23,32.5,17.2,0.0
2025-09-24,32.4,15.9,0.0
2025-09-25,28.8,17.7,0.1
2025-09-26,23.4,18.7,5.6
2025-09-27,20.3,17.0,2.3
2025-09-28,19.5,15.3,16.9
2025-09-29,18.9,13.7,7.0
2025-09-30,20.3,12.0,0.0
2025-10-01,18.9,11.4,1.1
2025-10-02,11.2,4.6,35.2
2025-10-03,8.2,3.8,22.5
2025-10-04,14.0,6.8,0.0
2025-10-05,19.5,5.9,1.3
2025-10-06,14.7,10.6,7.4
2025-10-07,14.1,11.1,1.9
2025-10-08,13.8,11.9,3.8
2025-10-09,21.5,11.2,0.0
2025-10-10,21.1,11.4,0.0
2025-10-11,18.9,12.5,0.0
2025-10-12,19.1,11.0,0.0
2025-10-13,17.6,8.5,0.0
2025-10-14,17.6,10.6,0.0
2025-10-15,19.4,10.1,0.0
2025-10-16,17.4,9.8,0.2
2025-10-17,14.5,12.0,7.4
2025-10-18,14.9,13.1,4.3
2025-10-19,16.7,8.0,0.1
2025-10-20,19.1,6.3,0.0
2025-10-21,19.7,11.2,0.0
2025-10-22,17.5,13.8,3.2
2025-10-23,21.5,12.6,0.0
2025-10-24,24.5,11.9,0.9
2025-10-25,20.4,7.5,0.0
2025-10-26,15.7,11.9,7.2
2025-10-27,16.5,11.7,15.5
2025-10-28,16.6,8.5,3.0
2025-10-29,18.6,5.0,0.0
2025-10-30,19.0,4.8,0.0
2025-10-31,20.2,6.6,0.0
2025-11-01,20.5,7.0,0.0
2025-11-02,21.7,8.6,0.0
2025-11-03,21.1,8.5,3.0
2025-11-04,13.7,10.3,15.0
2025-11-05,15.5,10.4,0.0
2025-11-06,15.1,9.8,0.0
2025-11-07,14.6,11.3,8.7
2025-11-08,16.1,12.3,8.6
2025-11-09,17.4,10.8,0.6
2025-11-10,15.8,12.5,7.0
2025-11-11,14.4,8.2,4.2
2025-11-12,16.1,3.9,0.0
2025-11-13,16.7,3.0,0.0
2025-11-14,17.9,3.2,0.0
2025-11-15,17.4,4.7,0.0
2025-11-16,17.5,3.2,0.0
2025-11-17,19.0,8.2,0.0
2025-11-18,15.4,12.7,14.3
2025-11-19,14.3,10.5,15.5
2025-11-20,18.4,11.4,4.8
2025-11-21,16.9,11.2,4.5
2025-11-22,17.7,12.1,7.9
2025-11-23,12.3,6.3,4.3
2025-11-24,13.0,4.0,0.0
2025-11-25,13.7,6.2,0.0
2025-11-26,14.8,11.3,19.0
2025-11-27,11.3,5.0,17.7
2025-11-28,5.1,4.0,6.2
2025-11-29,6.6,4.3,0.4
2025-11-30,9.6,2.7,0.0
2025-12-01,12.7,2.8,0.0
2025-12-02,10.0,2.6,0.0
2025-12-03,10.7,6.0,1.4
2025-12-04,12.7,9.8,4.9
2025-12-05,12.7,10.0,11.1
2025-12-06,11.9,9.1,3.5
2025-12-07,10.4,7.8,0.1
2025-12-08,11.1,7.2,0.0
2025-12-09,11.7,4.1,0.0
2025-12-10,13.0,1.4,0.0
2025-12-11,14.9,0.6,0.0
2025-12-12,11.4,2.1,0.0
2025-12-13,11.7,1.8,0.0
2025-12-14,10.5,0.1,0.0
2025-12-15,11.4,-0.4,0.0
2025-12-16,9.1,0.5,0.0
2025-12-17,10.1,2.3,0.2
2025-12-18,11.4,0.8,0.0
2025-12-19,11.7,0.1,0.0
2025-12-20,8.8,-0.3,0.0
2025-12-21,6.5,-0.2,0.0
2025-12-22,7.5,2.8,0.0
2025-12-23,7.7,5.4,0.8
2025-12-24,9.5,6.4,6.7
2025-12-25,7.9,5.2,6.9
2025-12-26,7.0,2.4,0.0
2025-12-27,8.4,2.2,0.0
2025-12-28,8.7,-1.5,0.0
2025-12-29,8.7,-1.5,0.0
2025-12-30,7.4,-3.4,0.2
2025-12-31,2.4,-4.0,0.0
